model,method,run,TP,FP,TN,FN,n_states,n_attractors,update_scheme
n010_000.bnet,sd_mc,,640,0,384,0,1024,2,asynchronous
n010_000.bnet,null_mc,,64,0,384,576,1024,2,asynchronous
n010_000.bnet,ref,,0,0,384,640,1024,2,asynchronous
n010_000.bnet,random_mc,0,64,0,384,576,1024,2,asynchronous
n010_000.bnet,random_mc,1,64,0,384,576,1024,2,asynchronous
n010_000.bnet,random_mc,2,64,0,384,576,1024,2,asynchronous
n010_000.bnet,random_mc,3,64,0,384,576,1024,2,asynchronous
n010_000.bnet,random_mc,4,64,0,384,576,1024,2,asynchronous
n010_000.bnet,random_mc,5,64,0,384,576,1024,2,asynchronous
n010_000.bnet,random_mc,6,64,0,384,576,1024,2,asynchronous
n010_000.bnet,random_mc,7,64,0,384,576,1024,2,asynchronous
n010_000.bnet,random_mc,8,64,0,384,576,1024,2,asynchronous
n010_000.bnet,random_mc,9,64,0,384,576,1024,2,asynchronous
n010_000.bnet,random_mc,10,64,0,384,576,1024,2,asynchronous
n010_000.bnet,random_mc,11,64,0,384,576,1024,2,asynchronous
n010_000.bnet,random_mc,12,64,0,384,576,1024,2,asynchronous
n010_000.bnet,random_mc,13,64,0,384,576,1024,2,asynchronous
n010_000.bnet,random_mc,14,64,0,384,576,1024,2,asynchronous
n010_000.bnet,random_mc,15,64,0,384,576,1024,2,asynchronous
n010_000.bnet,random_mc,16,64,0,384,576,1024,2,asynchronous
n010_000.bnet,random_mc,17,64,0,384,576,1024,2,asynchronous
n010_000.bnet,random_mc,18,64,0,384,576,1024,2,asynchronous
n010_000.bnet,random_mc,19,64,0,384,576,1024,2,asynchronous
n010_000.bnet,random_mc,20,64,0,384,576,1024,2,asynchronous
n010_000.bnet,random_mc,21,64,0,384,576,1024,2,asynchronous
n010_000.bnet,random_mc,22,64,0,384,576,1024,2,asynchronous
n010_000.bnet,random_mc,23,64,0,384,576,1024,2,asynchronous
n010_000.bnet,random_mc,24,64,0,384,576,1024,2,asynchronous
n010_000.bnet,random_mc,25,64,0,384,576,1024,2,asynchronous
n010_000.bnet,random_mc,26,64,0,384,576,1024,2,asynchronous
n010_000.bnet,random_mc,27,64,0,384,576,1024,2,asynchronous
n010_000.bnet,random_mc,28,64,0,384,576,1024,2,asynchronous
n010_000.bnet,random_mc,29,64,0,384,576,1024,2,asynchronous
n010_001.bnet,sd_mc,,10,0,36,18,64,5,asynchronous
n010_001.bnet,null_mc,,6,0,36,22,64,5,asynchronous
n010_001.bnet,ref,,0,0,36,28,64,5,asynchronous
n010_001.bnet,random_mc,0,6,0,36,22,64,5,asynchronous
n010_001.bnet,random_mc,1,6,0,36,22,64,5,asynchronous
n010_001.bnet,random_mc,2,6,0,36,22,64,5,asynchronous
n010_001.bnet,random_mc,3,6,0,36,22,64,5,asynchronous
n010_001.bnet,random_mc,4,6,0,36,22,64,5,asynchronous
n010_001.bnet,random_mc,5,6,0,36,22,64,5,asynchronous
n010_001.bnet,random_mc,6,6,0,36,22,64,5,asynchronous
n010_001.bnet,random_mc,7,6,0,36,22,64,5,asynchronous
n010_001.bnet,random_mc,8,6,0,36,22,64,5,asynchronous
n010_001.bnet,random_mc,9,6,0,36,22,64,5,asynchronous
n010_001.bnet,random_mc,10,6,0,36,22,64,5,asynchronous
n010_001.bnet,random_mc,11,6,0,36,22,64,5,asynchronous
n010_001.bnet,random_mc,12,6,0,36,22,64,5,asynchronous
n010_001.bnet,random_mc,13,6,0,36,22,64,5,asynchronous
n010_001.bnet,random_mc,14,6,0,36,22,64,5,asynchronous
n010_001.bnet,random_mc,15,6,0,36,22,64,5,asynchronous
n010_001.bnet,random_mc,16,6,0,36,22,64,5,asynchronous
n010_001.bnet,random_mc,17,6,0,36,22,64,5,asynchronous
n010_001.bnet,random_mc,18,6,0,36,22,64,5,asynchronous
n010_001.bnet,random_mc,19,6,0,36,22,64,5,asynchronous
n010_001.bnet,random_mc,20,6,0,36,22,64,5,asynchronous
n010_001.bnet,random_mc,21,6,0,36,22,64,5,asynchronous
n010_001.bnet,random_mc,22,6,0,36,22,64,5,asynchronous
n010_001.bnet,random_mc,23,6,0,36,22,64,5,asynchronous
n010_001.bnet,random_mc,24,6,0,36,22,64,5,asynchronous
n010_001.bnet,random_mc,25,6,0,36,22,64,5,asynchronous
n010_001.bnet,random_mc,26,6,0,36,22,64,5,asynchronous
n010_001.bnet,random_mc,27,6,0,36,22,64,5,asynchronous
n010_001.bnet,random_mc,28,6,0,36,22,64,5,asynchronous
n010_001.bnet,random_mc,29,6,0,36,22,64,5,asynchronous
n010_004.bnet,sd_mc,,124,0,326,62,512,4,asynchronous
n010_004.bnet,null_mc,,4,0,326,182,512,4,asynchronous
n010_004.bnet,ref,,0,0,326,186,512,4,asynchronous
n010_004.bnet,random_mc,0,4,0,326,182,512,4,asynchronous
n010_004.bnet,random_mc,1,4,0,326,182,512,4,asynchronous
n010_004.bnet,random_mc,2,4,0,326,182,512,4,asynchronous
n010_004.bnet,random_mc,3,4,0,326,182,512,4,asynchronous
n010_004.bnet,random_mc,4,4,0,326,182,512,4,asynchronous
n010_004.bnet,random_mc,5,4,0,326,182,512,4,asynchronous
n010_004.bnet,random_mc,6,4,0,326,182,512,4,asynchronous
n010_004.bnet,random_mc,7,4,0,326,182,512,4,asynchronous
n010_004.bnet,random_mc,8,4,0,326,182,512,4,asynchronous
n010_004.bnet,random_mc,9,4,0,326,182,512,4,asynchronous
n010_004.bnet,random_mc,10,4,0,326,182,512,4,asynchronous
n010_004.bnet,random_mc,11,4,0,326,182,512,4,asynchronous
n010_004.bnet,random_mc,12,4,0,326,182,512,4,asynchronous
n010_004.bnet,random_mc,13,4,0,326,182,512,4,asynchronous
n010_004.bnet,random_mc,14,4,0,326,182,512,4,asynchronous
n010_004.bnet,random_mc,15,4,0,326,182,512,4,asynchronous
n010_004.bnet,random_mc,16,4,0,326,182,512,4,asynchronous
n010_004.bnet,random_mc,17,4,0,326,182,512,4,asynchronous
n010_004.bnet,random_mc,18,4,0,326,182,512,4,asynchronous
n010_004.bnet,random_mc,19,4,0,326,182,512,4,asynchronous
n010_004.bnet,random_mc,20,4,0,326,182,512,4,asynchronous
n010_004.bnet,random_mc,21,4,0,326,182,512,4,asynchronous
n010_004.bnet,random_mc,22,4,0,326,182,512,4,asynchronous
n010_004.bnet,random_mc,23,4,0,326,182,512,4,asynchronous
n010_004.bnet,random_mc,24,4,0,326,182,512,4,asynchronous
n010_004.bnet,random_mc,25,4,0,326,182,512,4,asynchronous
n010_004.bnet,random_mc,26,4,0,326,182,512,4,asynchronous
n010_004.bnet,random_mc,27,4,0,326,182,512,4,asynchronous
n010_004.bnet,random_mc,28,4,0,326,182,512,4,asynchronous
n010_004.bnet,random_mc,29,4,0,326,182,512,4,asynchronous
n010_006.bnet,sd_mc,,96,0,892,36,1024,2,asynchronous
n010_006.bnet,null_mc,,2,0,892,130,1024,2,asynchronous
n010_006.bnet,ref,,0,0,892,132,1024,2,asynchronous
n010_006.bnet,random_mc,0,2,0,892,130,1024,2,asynchronous
n010_006.bnet,random_mc,1,2,0,892,130,1024,2,asynchronous
n010_006.bnet,random_mc,2,2,0,892,130,1024,2,asynchronous
n010_006.bnet,random_mc,3,2,0,892,130,1024,2,asynchronous
n010_006.bnet,random_mc,4,2,0,892,130,1024,2,asynchronous
n010_006.bnet,random_mc,5,2,0,892,130,1024,2,asynchronous
n010_006.bnet,random_mc,6,2,0,892,130,1024,2,asynchronous
n010_006.bnet,random_mc,7,2,0,892,130,1024,2,asynchronous
n010_006.bnet,random_mc,8,2,0,892,130,1024,2,asynchronous
n010_006.bnet,random_mc,9,2,0,892,130,1024,2,asynchronous
n010_006.bnet,random_mc,10,2,0,892,130,1024,2,asynchronous
n010_006.bnet,random_mc,11,2,0,892,130,1024,2,asynchronous
n010_006.bnet,random_mc,12,2,0,892,130,1024,2,asynchronous
n010_006.bnet,random_mc,13,2,0,892,130,1024,2,asynchronous
n010_006.bnet,random_mc,14,2,0,892,130,1024,2,asynchronous
n010_006.bnet,random_mc,15,2,0,892,130,1024,2,asynchronous
n010_006.bnet,random_mc,16,2,0,892,130,1024,2,asynchronous
n010_006.bnet,random_mc,17,2,0,892,130,1024,2,asynchronous
n010_006.bnet,random_mc,18,2,0,892,130,1024,2,asynchronous
n010_006.bnet,random_mc,19,2,0,892,130,1024,2,asynchronous
n010_006.bnet,random_mc,20,2,0,892,130,1024,2,asynchronous
n010_006.bnet,random_mc,21,2,0,892,130,1024,2,asynchronous
n010_006.bnet,random_mc,22,2,0,892,130,1024,2,asynchronous
n010_006.bnet,random_mc,23,2,0,892,130,1024,2,asynchronous
n010_006.bnet,random_mc,24,2,0,892,130,1024,2,asynchronous
n010_006.bnet,random_mc,25,2,0,892,130,1024,2,asynchronous
n010_006.bnet,random_mc,26,2,0,892,130,1024,2,asynchronous
n010_006.bnet,random_mc,27,2,0,892,130,1024,2,asynchronous
n010_006.bnet,random_mc,28,2,0,892,130,1024,2,asynchronous
n010_006.bnet,random_mc,29,2,0,892,130,1024,2,asynchronous
n010_007.bnet,sd_mc,,5,0,500,7,512,2,asynchronous
n010_007.bnet,null_mc,,2,0,500,10,512,2,asynchronous
n010_007.bnet,ref,,0,0,500,12,512,2,asynchronous
n010_007.bnet,random_mc,0,2,0,500,10,512,2,asynchronous
n010_007.bnet,random_mc,1,2,0,500,10,512,2,asynchronous
n010_007.bnet,random_mc,2,2,0,500,10,512,2,asynchronous
n010_007.bnet,random_mc,3,2,0,500,10,512,2,asynchronous
n010_007.bnet,random_mc,4,2,0,500,10,512,2,asynchronous
n010_007.bnet,random_mc,5,2,0,500,10,512,2,asynchronous
n010_007.bnet,random_mc,6,2,0,500,10,512,2,asynchronous
n010_007.bnet,random_mc,7,2,0,500,10,512,2,asynchronous
n010_007.bnet,random_mc,8,2,0,500,10,512,2,asynchronous
n010_007.bnet,random_mc,9,2,0,500,10,512,2,asynchronous
n010_007.bnet,random_mc,10,2,0,500,10,512,2,asynchronous
n010_007.bnet,random_mc,11,2,0,500,10,512,2,asynchronous
n010_007.bnet,random_mc,12,2,0,500,10,512,2,asynchronous
n010_007.bnet,random_mc,13,2,0,500,10,512,2,asynchronous
n010_007.bnet,random_mc,14,2,0,500,10,512,2,asynchronous
n010_007.bnet,random_mc,15,2,0,500,10,512,2,asynchronous
n010_007.bnet,random_mc,16,2,0,500,10,512,2,asynchronous
n010_007.bnet,random_mc,17,2,0,500,10,512,2,asynchronous
n010_007.bnet,random_mc,18,2,0,500,10,512,2,asynchronous
n010_007.bnet,random_mc,19,2,0,500,10,512,2,asynchronous
n010_007.bnet,random_mc,20,2,0,500,10,512,2,asynchronous
n010_007.bnet,random_mc,21,2,0,500,10,512,2,asynchronous
n010_007.bnet,random_mc,22,2,0,500,10,512,2,asynchronous
n010_007.bnet,random_mc,23,2,0,500,10,512,2,asynchronous
n010_007.bnet,random_mc,24,2,0,500,10,512,2,asynchronous
n010_007.bnet,random_mc,25,2,0,500,10,512,2,asynchronous
n010_007.bnet,random_mc,26,2,0,500,10,512,2,asynchronous
n010_007.bnet,random_mc,27,2,0,500,10,512,2,asynchronous
n010_007.bnet,random_mc,28,2,0,500,10,512,2,asynchronous
n010_007.bnet,random_mc,29,2,0,500,10,512,2,asynchronous
n010_008.bnet,sd_mc,,130,0,112,14,256,3,asynchronous
n010_008.bnet,null_mc,,34,0,112,110,256,3,asynchronous
n010_008.bnet,ref,,0,0,112,144,256,3,asynchronous
n010_008.bnet,random_mc,0,34,0,112,110,256,3,asynchronous
n010_008.bnet,random_mc,1,34,0,112,110,256,3,asynchronous
n010_008.bnet,random_mc,2,34,0,112,110,256,3,asynchronous
n010_008.bnet,random_mc,3,34,0,112,110,256,3,asynchronous
n010_008.bnet,random_mc,4,34,0,112,110,256,3,asynchronous
n010_008.bnet,random_mc,5,34,0,112,110,256,3,asynchronous
n010_008.bnet,random_mc,6,34,0,112,110,256,3,asynchronous
n010_008.bnet,random_mc,7,34,0,112,110,256,3,asynchronous
n010_008.bnet,random_mc,8,34,0,112,110,256,3,asynchronous
n010_008.bnet,random_mc,9,34,0,112,110,256,3,asynchronous
n010_008.bnet,random_mc,10,34,0,112,110,256,3,asynchronous
n010_008.bnet,random_mc,11,34,0,112,110,256,3,asynchronous
n010_008.bnet,random_mc,12,34,0,112,110,256,3,asynchronous
n010_008.bnet,random_mc,13,34,0,112,110,256,3,asynchronous
n010_008.bnet,random_mc,14,34,0,112,110,256,3,asynchronous
n010_008.bnet,random_mc,15,34,0,112,110,256,3,asynchronous
n010_008.bnet,random_mc,16,34,0,112,110,256,3,asynchronous
n010_008.bnet,random_mc,17,34,0,112,110,256,3,asynchronous
n010_008.bnet,random_mc,18,34,0,112,110,256,3,asynchronous
n010_008.bnet,random_mc,19,34,0,112,110,256,3,asynchronous
n010_008.bnet,random_mc,20,34,0,112,110,256,3,asynchronous
n010_008.bnet,random_mc,21,34,0,112,110,256,3,asynchronous
n010_008.bnet,random_mc,22,34,0,112,110,256,3,asynchronous
n010_008.bnet,random_mc,23,34,0,112,110,256,3,asynchronous
n010_008.bnet,random_mc,24,34,0,112,110,256,3,asynchronous
n010_008.bnet,random_mc,25,34,0,112,110,256,3,asynchronous
n010_008.bnet,random_mc,26,34,0,112,110,256,3,asynchronous
n010_008.bnet,random_mc,27,34,0,112,110,256,3,asynchronous
n010_008.bnet,random_mc,28,34,0,112,110,256,3,asynchronous
n010_008.bnet,random_mc,29,34,0,112,110,256,3,asynchronous
n010_009.bnet,sd_mc,,144,0,110,2,256,2,asynchronous
n010_009.bnet,null_mc,,129,0,110,17,256,2,asynchronous
n010_009.bnet,ref,,0,0,110,146,256,2,asynchronous
n010_009.bnet,random_mc,0,129,0,110,17,256,2,asynchronous
n010_009.bnet,random_mc,1,129,0,110,17,256,2,asynchronous
n010_009.bnet,random_mc,2,129,0,110,17,256,2,asynchronous
n010_009.bnet,random_mc,3,129,0,110,17,256,2,asynchronous
n010_009.bnet,random_mc,4,129,0,110,17,256,2,asynchronous
n010_009.bnet,random_mc,5,129,0,110,17,256,2,asynchronous
n010_009.bnet,random_mc,6,129,0,110,17,256,2,asynchronous
n010_009.bnet,random_mc,7,129,0,110,17,256,2,asynchronous
n010_009.bnet,random_mc,8,129,0,110,17,256,2,asynchronous
n010_009.bnet,random_mc,9,129,0,110,17,256,2,asynchronous
n010_009.bnet,random_mc,10,129,0,110,17,256,2,asynchronous
n010_009.bnet,random_mc,11,129,0,110,17,256,2,asynchronous
n010_009.bnet,random_mc,12,129,0,110,17,256,2,asynchronous
n010_009.bnet,random_mc,13,129,0,110,17,256,2,asynchronous
n010_009.bnet,random_mc,14,129,0,110,17,256,2,asynchronous
n010_009.bnet,random_mc,15,129,0,110,17,256,2,asynchronous
n010_009.bnet,random_mc,16,129,0,110,17,256,2,asynchronous
n010_009.bnet,random_mc,17,129,0,110,17,256,2,asynchronous
n010_009.bnet,random_mc,18,129,0,110,17,256,2,asynchronous
n010_009.bnet,random_mc,19,129,0,110,17,256,2,asynchronous
n010_009.bnet,random_mc,20,129,0,110,17,256,2,asynchronous
n010_009.bnet,random_mc,21,129,0,110,17,256,2,asynchronous
n010_009.bnet,random_mc,22,129,0,110,17,256,2,asynchronous
n010_009.bnet,random_mc,23,129,0,110,17,256,2,asynchronous
n010_009.bnet,random_mc,24,129,0,110,17,256,2,asynchronous
n010_009.bnet,random_mc,25,129,0,110,17,256,2,asynchronous
n010_009.bnet,random_mc,26,129,0,110,17,256,2,asynchronous
n010_009.bnet,random_mc,27,129,0,110,17,256,2,asynchronous
n010_009.bnet,random_mc,28,129,0,110,17,256,2,asynchronous
n010_009.bnet,random_mc,29,129,0,110,17,256,2,asynchronous
n010_011.bnet,sd_mc,,260,0,232,20,512,3,asynchronous
n010_011.bnet,null_mc,,35,0,232,245,512,3,asynchronous
n010_011.bnet,ref,,0,0,232,280,512,3,asynchronous
n010_011.bnet,random_mc,0,35,0,232,245,512,3,asynchronous
n010_011.bnet,random_mc,1,35,0,232,245,512,3,asynchronous
n010_011.bnet,random_mc,2,35,0,232,245,512,3,asynchronous
n010_011.bnet,random_mc,3,35,0,232,245,512,3,asynchronous
n010_011.bnet,random_mc,4,35,0,232,245,512,3,asynchronous
n010_011.bnet,random_mc,5,35,0,232,245,512,3,asynchronous
n010_011.bnet,random_mc,6,35,0,232,245,512,3,asynchronous
n010_011.bnet,random_mc,7,35,0,232,245,512,3,asynchronous
n010_011.bnet,random_mc,8,35,0,232,245,512,3,asynchronous
n010_011.bnet,random_mc,9,35,0,232,245,512,3,asynchronous
n010_011.bnet,random_mc,10,35,0,232,245,512,3,asynchronous
n010_011.bnet,random_mc,11,35,0,232,245,512,3,asynchronous
n010_011.bnet,random_mc,12,35,0,232,245,512,3,asynchronous
n010_011.bnet,random_mc,13,35,0,232,245,512,3,asynchronous
n010_011.bnet,random_mc,14,35,0,232,245,512,3,asynchronous
n010_011.bnet,random_mc,15,35,0,232,245,512,3,asynchronous
n010_011.bnet,random_mc,16,35,0,232,245,512,3,asynchronous
n010_011.bnet,random_mc,17,35,0,232,245,512,3,asynchronous
n010_011.bnet,random_mc,18,35,0,232,245,512,3,asynchronous
n010_011.bnet,random_mc,19,35,0,232,245,512,3,asynchronous
n010_011.bnet,random_mc,20,35,0,232,245,512,3,asynchronous
n010_011.bnet,random_mc,21,35,0,232,245,512,3,asynchronous
n010_011.bnet,random_mc,22,35,0,232,245,512,3,asynchronous
n010_011.bnet,random_mc,23,35,0,232,245,512,3,asynchronous
n010_011.bnet,random_mc,24,35,0,232,245,512,3,asynchronous
n010_011.bnet,random_mc,25,35,0,232,245,512,3,asynchronous
n010_011.bnet,random_mc,26,35,0,232,245,512,3,asynchronous
n010_011.bnet,random_mc,27,35,0,232,245,512,3,asynchronous
n010_011.bnet,random_mc,28,35,0,232,245,512,3,asynchronous
n010_011.bnet,random_mc,29,35,0,232,245,512,3,asynchronous
n010_013.bnet,sd_mc,,14,0,2,0,16,3,asynchronous
n010_013.bnet,null_mc,,3,0,2,11,16,3,asynchronous
n010_013.bnet,ref,,0,0,2,14,16,3,asynchronous
n010_013.bnet,random_mc,0,3,0,2,11,16,3,asynchronous
n010_013.bnet,random_mc,1,3,0,2,11,16,3,asynchronous
n010_013.bnet,random_mc,2,3,0,2,11,16,3,asynchronous
n010_013.bnet,random_mc,3,3,0,2,11,16,3,asynchronous
n010_013.bnet,random_mc,4,3,0,2,11,16,3,asynchronous
n010_013.bnet,random_mc,5,3,0,2,11,16,3,asynchronous
n010_013.bnet,random_mc,6,3,0,2,11,16,3,asynchronous
n010_013.bnet,random_mc,7,3,0,2,11,16,3,asynchronous
n010_013.bnet,random_mc,8,3,0,2,11,16,3,asynchronous
n010_013.bnet,random_mc,9,3,0,2,11,16,3,asynchronous
n010_013.bnet,random_mc,10,3,0,2,11,16,3,asynchronous
n010_013.bnet,random_mc,11,3,0,2,11,16,3,asynchronous
n010_013.bnet,random_mc,12,3,0,2,11,16,3,asynchronous
n010_013.bnet,random_mc,13,3,0,2,11,16,3,asynchronous
n010_013.bnet,random_mc,14,3,0,2,11,16,3,asynchronous
n010_013.bnet,random_mc,15,3,0,2,11,16,3,asynchronous
n010_013.bnet,random_mc,16,3,0,2,11,16,3,asynchronous
n010_013.bnet,random_mc,17,3,0,2,11,16,3,asynchronous
n010_013.bnet,random_mc,18,3,0,2,11,16,3,asynchronous
n010_013.bnet,random_mc,19,3,0,2,11,16,3,asynchronous
n010_013.bnet,random_mc,20,3,0,2,11,16,3,asynchronous
n010_013.bnet,random_mc,21,3,0,2,11,16,3,asynchronous
n010_013.bnet,random_mc,22,3,0,2,11,16,3,asynchronous
n010_013.bnet,random_mc,23,3,0,2,11,16,3,asynchronous
n010_013.bnet,random_mc,24,4,0,2,10,16,3,asynchronous
n010_013.bnet,random_mc,25,3,0,2,11,16,3,asynchronous
n010_013.bnet,random_mc,26,3,0,2,11,16,3,asynchronous
n010_013.bnet,random_mc,27,3,0,2,11,16,3,asynchronous
n010_013.bnet,random_mc,28,3,0,2,11,16,3,asynchronous
n010_013.bnet,random_mc,29,3,0,2,11,16,3,asynchronous
n010_015.bnet,sd_mc,,32,0,972,20,1024,6,asynchronous
n010_015.bnet,null_mc,,10,0,972,42,1024,6,asynchronous
n010_015.bnet,ref,,0,0,972,52,1024,6,asynchronous
n010_015.bnet,random_mc,0,10,0,972,42,1024,6,asynchronous
n010_015.bnet,random_mc,1,10,0,972,42,1024,6,asynchronous
n010_015.bnet,random_mc,2,10,0,972,42,1024,6,asynchronous
n010_015.bnet,random_mc,3,10,0,972,42,1024,6,asynchronous
n010_015.bnet,random_mc,4,10,0,972,42,1024,6,asynchronous
n010_015.bnet,random_mc,5,10,0,972,42,1024,6,asynchronous
n010_015.bnet,random_mc,6,10,0,972,42,1024,6,asynchronous
n010_015.bnet,random_mc,7,10,0,972,42,1024,6,asynchronous
n010_015.bnet,random_mc,8,10,0,972,42,1024,6,asynchronous
n010_015.bnet,random_mc,9,10,0,972,42,1024,6,asynchronous
n010_015.bnet,random_mc,10,10,0,972,42,1024,6,asynchronous
n010_015.bnet,random_mc,11,10,0,972,42,1024,6,asynchronous
n010_015.bnet,random_mc,12,10,0,972,42,1024,6,asynchronous
n010_015.bnet,random_mc,13,10,0,972,42,1024,6,asynchronous
n010_015.bnet,random_mc,14,10,0,972,42,1024,6,asynchronous
n010_015.bnet,random_mc,15,10,0,972,42,1024,6,asynchronous
n010_015.bnet,random_mc,16,10,0,972,42,1024,6,asynchronous
n010_015.bnet,random_mc,17,10,0,972,42,1024,6,asynchronous
n010_015.bnet,random_mc,18,10,0,972,42,1024,6,asynchronous
n010_015.bnet,random_mc,19,10,0,972,42,1024,6,asynchronous
n010_015.bnet,random_mc,20,10,0,972,42,1024,6,asynchronous
n010_015.bnet,random_mc,21,10,0,972,42,1024,6,asynchronous
n010_015.bnet,random_mc,22,10,0,972,42,1024,6,asynchronous
n010_015.bnet,random_mc,23,10,0,972,42,1024,6,asynchronous
n010_015.bnet,random_mc,24,10,0,972,42,1024,6,asynchronous
n010_015.bnet,random_mc,25,10,0,972,42,1024,6,asynchronous
n010_015.bnet,random_mc,26,10,0,972,42,1024,6,asynchronous
n010_015.bnet,random_mc,27,10,0,972,42,1024,6,asynchronous
n010_015.bnet,random_mc,28,10,0,972,42,1024,6,asynchronous
n010_015.bnet,random_mc,29,10,0,972,42,1024,6,asynchronous
n010_016.bnet,sd_mc,,266,0,246,0,512,3,asynchronous
n010_016.bnet,null_mc,,3,0,246,263,512,3,asynchronous
n010_016.bnet,ref,,0,0,246,266,512,3,asynchronous
n010_016.bnet,random_mc,0,3,0,246,263,512,3,asynchronous
n010_016.bnet,random_mc,1,3,0,246,263,512,3,asynchronous
n010_016.bnet,random_mc,2,3,0,246,263,512,3,asynchronous
n010_016.bnet,random_mc,3,3,0,246,263,512,3,asynchronous
n010_016.bnet,random_mc,4,3,0,246,263,512,3,asynchronous
n010_016.bnet,random_mc,5,3,0,246,263,512,3,asynchronous
n010_016.bnet,random_mc,6,3,0,246,263,512,3,asynchronous
n010_016.bnet,random_mc,7,3,0,246,263,512,3,asynchronous
n010_016.bnet,random_mc,8,3,0,246,263,512,3,asynchronous
n010_016.bnet,random_mc,9,3,0,246,263,512,3,asynchronous
n010_016.bnet,random_mc,10,3,0,246,263,512,3,asynchronous
n010_016.bnet,random_mc,11,3,0,246,263,512,3,asynchronous
n010_016.bnet,random_mc,12,3,0,246,263,512,3,asynchronous
n010_016.bnet,random_mc,13,3,0,246,263,512,3,asynchronous
n010_016.bnet,random_mc,14,3,0,246,263,512,3,asynchronous
n010_016.bnet,random_mc,15,3,0,246,263,512,3,asynchronous
n010_016.bnet,random_mc,16,3,0,246,263,512,3,asynchronous
n010_016.bnet,random_mc,17,3,0,246,263,512,3,asynchronous
n010_016.bnet,random_mc,18,3,0,246,263,512,3,asynchronous
n010_016.bnet,random_mc,19,3,0,246,263,512,3,asynchronous
n010_016.bnet,random_mc,20,3,0,246,263,512,3,asynchronous
n010_016.bnet,random_mc,21,3,0,246,263,512,3,asynchronous
n010_016.bnet,random_mc,22,3,0,246,263,512,3,asynchronous
n010_016.bnet,random_mc,23,3,0,246,263,512,3,asynchronous
n010_016.bnet,random_mc,24,3,0,246,263,512,3,asynchronous
n010_016.bnet,random_mc,25,3,0,246,263,512,3,asynchronous
n010_016.bnet,random_mc,26,3,0,246,263,512,3,asynchronous
n010_016.bnet,random_mc,27,3,0,246,263,512,3,asynchronous
n010_016.bnet,random_mc,28,3,0,246,263,512,3,asynchronous
n010_016.bnet,random_mc,29,3,0,246,263,512,3,asynchronous
n010_018.bnet,sd_mc,,4,0,124,0,128,2,asynchronous
n010_018.bnet,null_mc,,4,0,124,0,128,2,asynchronous
n010_018.bnet,ref,,0,0,124,4,128,2,asynchronous
n010_018.bnet,random_mc,0,4,0,124,0,128,2,asynchronous
n010_018.bnet,random_mc,1,4,0,124,0,128,2,asynchronous
n010_018.bnet,random_mc,2,4,0,124,0,128,2,asynchronous
n010_018.bnet,random_mc,3,4,0,124,0,128,2,asynchronous
n010_018.bnet,random_mc,4,4,0,124,0,128,2,asynchronous
n010_018.bnet,random_mc,5,4,0,124,0,128,2,asynchronous
n010_018.bnet,random_mc,6,4,0,124,0,128,2,asynchronous
n010_018.bnet,random_mc,7,4,0,124,0,128,2,asynchronous
n010_018.bnet,random_mc,8,4,0,124,0,128,2,asynchronous
n010_018.bnet,random_mc,9,4,0,124,0,128,2,asynchronous
n010_018.bnet,random_mc,10,4,0,124,0,128,2,asynchronous
n010_018.bnet,random_mc,11,4,0,124,0,128,2,asynchronous
n010_018.bnet,random_mc,12,4,0,124,0,128,2,asynchronous
n010_018.bnet,random_mc,13,4,0,124,0,128,2,asynchronous
n010_018.bnet,random_mc,14,4,0,124,0,128,2,asynchronous
n010_018.bnet,random_mc,15,4,0,124,0,128,2,asynchronous
n010_018.bnet,random_mc,16,4,0,124,0,128,2,asynchronous
n010_018.bnet,random_mc,17,4,0,124,0,128,2,asynchronous
n010_018.bnet,random_mc,18,4,0,124,0,128,2,asynchronous
n010_018.bnet,random_mc,19,4,0,124,0,128,2,asynchronous
n010_018.bnet,random_mc,20,4,0,124,0,128,2,asynchronous
n010_018.bnet,random_mc,21,4,0,124,0,128,2,asynchronous
n010_018.bnet,random_mc,22,4,0,124,0,128,2,asynchronous
n010_018.bnet,random_mc,23,4,0,124,0,128,2,asynchronous
n010_018.bnet,random_mc,24,4,0,124,0,128,2,asynchronous
n010_018.bnet,random_mc,25,4,0,124,0,128,2,asynchronous
n010_018.bnet,random_mc,26,4,0,124,0,128,2,asynchronous
n010_018.bnet,random_mc,27,4,0,124,0,128,2,asynchronous
n010_018.bnet,random_mc,28,4,0,124,0,128,2,asynchronous
n010_018.bnet,random_mc,29,4,0,124,0,128,2,asynchronous
n010_023.bnet,sd_mc,,264,0,120,128,512,2,asynchronous
n010_023.bnet,null_mc,,2,0,120,390,512,2,asynchronous
n010_023.bnet,ref,,0,0,120,392,512,2,asynchronous
n010_023.bnet,random_mc,0,2,0,120,390,512,2,asynchronous
n010_023.bnet,random_mc,1,2,0,120,390,512,2,asynchronous
n010_023.bnet,random_mc,2,2,0,120,390,512,2,asynchronous
n010_023.bnet,random_mc,3,2,0,120,390,512,2,asynchronous
n010_023.bnet,random_mc,4,2,0,120,390,512,2,asynchronous
n010_023.bnet,random_mc,5,2,0,120,390,512,2,asynchronous
n010_023.bnet,random_mc,6,2,0,120,390,512,2,asynchronous
n010_023.bnet,random_mc,7,2,0,120,390,512,2,asynchronous
n010_023.bnet,random_mc,8,2,0,120,390,512,2,asynchronous
n010_023.bnet,random_mc,9,2,0,120,390,512,2,asynchronous
n010_023.bnet,random_mc,10,2,0,120,390,512,2,asynchronous
n010_023.bnet,random_mc,11,2,0,120,390,512,2,asynchronous
n010_023.bnet,random_mc,12,2,0,120,390,512,2,asynchronous
n010_023.bnet,random_mc,13,2,0,120,390,512,2,asynchronous
n010_023.bnet,random_mc,14,2,0,120,390,512,2,asynchronous
n010_023.bnet,random_mc,15,2,0,120,390,512,2,asynchronous
n010_023.bnet,random_mc,16,2,0,120,390,512,2,asynchronous
n010_023.bnet,random_mc,17,2,0,120,390,512,2,asynchronous
n010_023.bnet,random_mc,18,2,0,120,390,512,2,asynchronous
n010_023.bnet,random_mc,19,2,0,120,390,512,2,asynchronous
n010_023.bnet,random_mc,20,2,0,120,390,512,2,asynchronous
n010_023.bnet,random_mc,21,2,0,120,390,512,2,asynchronous
n010_023.bnet,random_mc,22,2,0,120,390,512,2,asynchronous
n010_023.bnet,random_mc,23,2,0,120,390,512,2,asynchronous
n010_023.bnet,random_mc,24,2,0,120,390,512,2,asynchronous
n010_023.bnet,random_mc,25,2,0,120,390,512,2,asynchronous
n010_023.bnet,random_mc,26,2,0,120,390,512,2,asynchronous
n010_023.bnet,random_mc,27,2,0,120,390,512,2,asynchronous
n010_023.bnet,random_mc,28,2,0,120,390,512,2,asynchronous
n010_023.bnet,random_mc,29,2,0,120,390,512,2,asynchronous
n010_024.bnet,sd_mc,,68,0,385,59,512,4,asynchronous
n010_024.bnet,null_mc,,7,0,385,120,512,4,asynchronous
n010_024.bnet,ref,,0,0,385,127,512,4,asynchronous
n010_024.bnet,random_mc,0,7,0,385,120,512,4,asynchronous
n010_024.bnet,random_mc,1,7,0,385,120,512,4,asynchronous
n010_024.bnet,random_mc,2,7,0,385,120,512,4,asynchronous
n010_024.bnet,random_mc,3,7,0,385,120,512,4,asynchronous
n010_024.bnet,random_mc,4,7,0,385,120,512,4,asynchronous
n010_024.bnet,random_mc,5,7,0,385,120,512,4,asynchronous
n010_024.bnet,random_mc,6,7,0,385,120,512,4,asynchronous
n010_024.bnet,random_mc,7,7,0,385,120,512,4,asynchronous
n010_024.bnet,random_mc,8,7,0,385,120,512,4,asynchronous
n010_024.bnet,random_mc,9,7,0,385,120,512,4,asynchronous
n010_024.bnet,random_mc,10,7,0,385,120,512,4,asynchronous
n010_024.bnet,random_mc,11,7,0,385,120,512,4,asynchronous
n010_024.bnet,random_mc,12,7,0,385,120,512,4,asynchronous
n010_024.bnet,random_mc,13,7,0,385,120,512,4,asynchronous
n010_024.bnet,random_mc,14,7,0,385,120,512,4,asynchronous
n010_024.bnet,random_mc,15,7,0,385,120,512,4,asynchronous
n010_024.bnet,random_mc,16,7,0,385,120,512,4,asynchronous
n010_024.bnet,random_mc,17,7,0,385,120,512,4,asynchronous
n010_024.bnet,random_mc,18,7,0,385,120,512,4,asynchronous
n010_024.bnet,random_mc,19,7,0,385,120,512,4,asynchronous
n010_024.bnet,random_mc,20,7,0,385,120,512,4,asynchronous
n010_024.bnet,random_mc,21,7,0,385,120,512,4,asynchronous
n010_024.bnet,random_mc,22,7,0,385,120,512,4,asynchronous
n010_024.bnet,random_mc,23,7,0,385,120,512,4,asynchronous
n010_024.bnet,random_mc,24,7,0,385,120,512,4,asynchronous
n010_024.bnet,random_mc,25,7,0,385,120,512,4,asynchronous
n010_024.bnet,random_mc,26,7,0,385,120,512,4,asynchronous
n010_024.bnet,random_mc,27,7,0,385,120,512,4,asynchronous
n010_024.bnet,random_mc,28,7,0,385,120,512,4,asynchronous
n010_024.bnet,random_mc,29,7,0,385,120,512,4,asynchronous
n010_026.bnet,sd_mc,,2,0,0,0,2,2,asynchronous
n010_026.bnet,null_mc,,2,0,0,0,2,2,asynchronous
n010_026.bnet,ref,,0,0,0,2,2,2,asynchronous
n010_026.bnet,random_mc,0,2,0,0,0,2,2,asynchronous
n010_026.bnet,random_mc,1,2,0,0,0,2,2,asynchronous
n010_026.bnet,random_mc,2,2,0,0,0,2,2,asynchronous
n010_026.bnet,random_mc,3,2,0,0,0,2,2,asynchronous
n010_026.bnet,random_mc,4,2,0,0,0,2,2,asynchronous
n010_026.bnet,random_mc,5,2,0,0,0,2,2,asynchronous
n010_026.bnet,random_mc,6,2,0,0,0,2,2,asynchronous
n010_026.bnet,random_mc,7,2,0,0,0,2,2,asynchronous
n010_026.bnet,random_mc,8,2,0,0,0,2,2,asynchronous
n010_026.bnet,random_mc,9,2,0,0,0,2,2,asynchronous
n010_026.bnet,random_mc,10,2,0,0,0,2,2,asynchronous
n010_026.bnet,random_mc,11,2,0,0,0,2,2,asynchronous
n010_026.bnet,random_mc,12,2,0,0,0,2,2,asynchronous
n010_026.bnet,random_mc,13,2,0,0,0,2,2,asynchronous
n010_026.bnet,random_mc,14,2,0,0,0,2,2,asynchronous
n010_026.bnet,random_mc,15,2,0,0,0,2,2,asynchronous
n010_026.bnet,random_mc,16,2,0,0,0,2,2,asynchronous
n010_026.bnet,random_mc,17,2,0,0,0,2,2,asynchronous
n010_026.bnet,random_mc,18,2,0,0,0,2,2,asynchronous
n010_026.bnet,random_mc,19,2,0,0,0,2,2,asynchronous
n010_026.bnet,random_mc,20,2,0,0,0,2,2,asynchronous
n010_026.bnet,random_mc,21,2,0,0,0,2,2,asynchronous
n010_026.bnet,random_mc,22,2,0,0,0,2,2,asynchronous
n010_026.bnet,random_mc,23,2,0,0,0,2,2,asynchronous
n010_026.bnet,random_mc,24,2,0,0,0,2,2,asynchronous
n010_026.bnet,random_mc,25,2,0,0,0,2,2,asynchronous
n010_026.bnet,random_mc,26,2,0,0,0,2,2,asynchronous
n010_026.bnet,random_mc,27,2,0,0,0,2,2,asynchronous
n010_026.bnet,random_mc,28,2,0,0,0,2,2,asynchronous
n010_026.bnet,random_mc,29,2,0,0,0,2,2,asynchronous
n010_029.bnet,sd_mc,,9,0,118,1,128,2,asynchronous
n010_029.bnet,null_mc,,2,0,118,8,128,2,asynchronous
n010_029.bnet,ref,,0,0,118,10,128,2,asynchronous
n010_029.bnet,random_mc,0,2,0,118,8,128,2,asynchronous
n010_029.bnet,random_mc,1,2,0,118,8,128,2,asynchronous
n010_029.bnet,random_mc,2,2,0,118,8,128,2,asynchronous
n010_029.bnet,random_mc,3,2,0,118,8,128,2,asynchronous
n010_029.bnet,random_mc,4,2,0,118,8,128,2,asynchronous
n010_029.bnet,random_mc,5,2,0,118,8,128,2,asynchronous
n010_029.bnet,random_mc,6,2,0,118,8,128,2,asynchronous
n010_029.bnet,random_mc,7,2,0,118,8,128,2,asynchronous
n010_029.bnet,random_mc,8,2,0,118,8,128,2,asynchronous
n010_029.bnet,random_mc,9,2,0,118,8,128,2,asynchronous
n010_029.bnet,random_mc,10,2,0,118,8,128,2,asynchronous
n010_029.bnet,random_mc,11,2,0,118,8,128,2,asynchronous
n010_029.bnet,random_mc,12,2,0,118,8,128,2,asynchronous
n010_029.bnet,random_mc,13,2,0,118,8,128,2,asynchronous
n010_029.bnet,random_mc,14,2,0,118,8,128,2,asynchronous
n010_029.bnet,random_mc,15,2,0,118,8,128,2,asynchronous
n010_029.bnet,random_mc,16,2,0,118,8,128,2,asynchronous
n010_029.bnet,random_mc,17,2,0,118,8,128,2,asynchronous
n010_029.bnet,random_mc,18,2,0,118,8,128,2,asynchronous
n010_029.bnet,random_mc,19,2,0,118,8,128,2,asynchronous
n010_029.bnet,random_mc,20,2,0,118,8,128,2,asynchronous
n010_029.bnet,random_mc,21,2,0,118,8,128,2,asynchronous
n010_029.bnet,random_mc,22,2,0,118,8,128,2,asynchronous
n010_029.bnet,random_mc,23,2,0,118,8,128,2,asynchronous
n010_029.bnet,random_mc,24,2,0,118,8,128,2,asynchronous
n010_029.bnet,random_mc,25,2,0,118,8,128,2,asynchronous
n010_029.bnet,random_mc,26,2,0,118,8,128,2,asynchronous
n010_029.bnet,random_mc,27,2,0,118,8,128,2,asynchronous
n010_029.bnet,random_mc,28,2,0,118,8,128,2,asynchronous
n010_029.bnet,random_mc,29,2,0,118,8,128,2,asynchronous
n010_032.bnet,sd_mc,,16,0,0,0,16,2,asynchronous
n010_032.bnet,null_mc,,2,0,0,14,16,2,asynchronous
n010_032.bnet,ref,,0,0,0,16,16,2,asynchronous
n010_032.bnet,random_mc,0,2,0,0,14,16,2,asynchronous
n010_032.bnet,random_mc,1,2,0,0,14,16,2,asynchronous
n010_032.bnet,random_mc,2,2,0,0,14,16,2,asynchronous
n010_032.bnet,random_mc,3,2,0,0,14,16,2,asynchronous
n010_032.bnet,random_mc,4,2,0,0,14,16,2,asynchronous
n010_032.bnet,random_mc,5,2,0,0,14,16,2,asynchronous
n010_032.bnet,random_mc,6,2,0,0,14,16,2,asynchronous
n010_032.bnet,random_mc,7,2,0,0,14,16,2,asynchronous
n010_032.bnet,random_mc,8,2,0,0,14,16,2,asynchronous
n010_032.bnet,random_mc,9,2,0,0,14,16,2,asynchronous
n010_032.bnet,random_mc,10,2,0,0,14,16,2,asynchronous
n010_032.bnet,random_mc,11,2,0,0,14,16,2,asynchronous
n010_032.bnet,random_mc,12,2,0,0,14,16,2,asynchronous
n010_032.bnet,random_mc,13,2,0,0,14,16,2,asynchronous
n010_032.bnet,random_mc,14,2,0,0,14,16,2,asynchronous
n010_032.bnet,random_mc,15,2,0,0,14,16,2,asynchronous
n010_032.bnet,random_mc,16,2,0,0,14,16,2,asynchronous
n010_032.bnet,random_mc,17,2,0,0,14,16,2,asynchronous
n010_032.bnet,random_mc,18,2,0,0,14,16,2,asynchronous
n010_032.bnet,random_mc,19,2,0,0,14,16,2,asynchronous
n010_032.bnet,random_mc,20,2,0,0,14,16,2,asynchronous
n010_032.bnet,random_mc,21,2,0,0,14,16,2,asynchronous
n010_032.bnet,random_mc,22,2,0,0,14,16,2,asynchronous
n010_032.bnet,random_mc,23,2,0,0,14,16,2,asynchronous
n010_032.bnet,random_mc,24,2,0,0,14,16,2,asynchronous
n010_032.bnet,random_mc,25,2,0,0,14,16,2,asynchronous
n010_032.bnet,random_mc,26,2,0,0,14,16,2,asynchronous
n010_032.bnet,random_mc,27,2,0,0,14,16,2,asynchronous
n010_032.bnet,random_mc,28,2,0,0,14,16,2,asynchronous
n010_032.bnet,random_mc,29,2,0,0,14,16,2,asynchronous
n010_033.bnet,sd_mc,,8,0,0,0,8,2,asynchronous
n010_033.bnet,null_mc,,4,0,0,4,8,2,asynchronous
n010_033.bnet,ref,,0,0,0,8,8,2,asynchronous
n010_033.bnet,random_mc,0,4,0,0,4,8,2,asynchronous
n010_033.bnet,random_mc,1,4,0,0,4,8,2,asynchronous
n010_033.bnet,random_mc,2,4,0,0,4,8,2,asynchronous
n010_033.bnet,random_mc,3,4,0,0,4,8,2,asynchronous
n010_033.bnet,random_mc,4,8,0,0,0,8,2,asynchronous
n010_033.bnet,random_mc,5,4,0,0,4,8,2,asynchronous
n010_033.bnet,random_mc,6,4,0,0,4,8,2,asynchronous
n010_033.bnet,random_mc,7,8,0,0,0,8,2,asynchronous
n010_033.bnet,random_mc,8,4,0,0,4,8,2,asynchronous
n010_033.bnet,random_mc,9,4,0,0,4,8,2,asynchronous
n010_033.bnet,random_mc,10,4,0,0,4,8,2,asynchronous
n010_033.bnet,random_mc,11,4,0,0,4,8,2,asynchronous
n010_033.bnet,random_mc,12,4,0,0,4,8,2,asynchronous
n010_033.bnet,random_mc,13,4,0,0,4,8,2,asynchronous
n010_033.bnet,random_mc,14,4,0,0,4,8,2,asynchronous
n010_033.bnet,random_mc,15,4,0,0,4,8,2,asynchronous
n010_033.bnet,random_mc,16,8,0,0,0,8,2,asynchronous
n010_033.bnet,random_mc,17,4,0,0,4,8,2,asynchronous
n010_033.bnet,random_mc,18,4,0,0,4,8,2,asynchronous
n010_033.bnet,random_mc,19,4,0,0,4,8,2,asynchronous
n010_033.bnet,random_mc,20,8,0,0,0,8,2,asynchronous
n010_033.bnet,random_mc,21,4,0,0,4,8,2,asynchronous
n010_033.bnet,random_mc,22,4,0,0,4,8,2,asynchronous
n010_033.bnet,random_mc,23,4,0,0,4,8,2,asynchronous
n010_033.bnet,random_mc,24,4,0,0,4,8,2,asynchronous
n010_033.bnet,random_mc,25,4,0,0,4,8,2,asynchronous
n010_033.bnet,random_mc,26,4,0,0,4,8,2,asynchronous
n010_033.bnet,random_mc,27,4,0,0,4,8,2,asynchronous
n010_033.bnet,random_mc,28,4,0,0,4,8,2,asynchronous
n010_033.bnet,random_mc,29,4,0,0,4,8,2,asynchronous
n010_034.bnet,sd_mc,,2,0,0,0,2,2,asynchronous
n010_034.bnet,null_mc,,2,0,0,0,2,2,asynchronous
n010_034.bnet,ref,,0,0,0,2,2,2,asynchronous
n010_034.bnet,random_mc,0,2,0,0,0,2,2,asynchronous
n010_034.bnet,random_mc,1,2,0,0,0,2,2,asynchronous
n010_034.bnet,random_mc,2,2,0,0,0,2,2,asynchronous
n010_034.bnet,random_mc,3,2,0,0,0,2,2,asynchronous
n010_034.bnet,random_mc,4,2,0,0,0,2,2,asynchronous
n010_034.bnet,random_mc,5,2,0,0,0,2,2,asynchronous
n010_034.bnet,random_mc,6,2,0,0,0,2,2,asynchronous
n010_034.bnet,random_mc,7,2,0,0,0,2,2,asynchronous
n010_034.bnet,random_mc,8,2,0,0,0,2,2,asynchronous
n010_034.bnet,random_mc,9,2,0,0,0,2,2,asynchronous
n010_034.bnet,random_mc,10,2,0,0,0,2,2,asynchronous
n010_034.bnet,random_mc,11,2,0,0,0,2,2,asynchronous
n010_034.bnet,random_mc,12,2,0,0,0,2,2,asynchronous
n010_034.bnet,random_mc,13,2,0,0,0,2,2,asynchronous
n010_034.bnet,random_mc,14,2,0,0,0,2,2,asynchronous
n010_034.bnet,random_mc,15,2,0,0,0,2,2,asynchronous
n010_034.bnet,random_mc,16,2,0,0,0,2,2,asynchronous
n010_034.bnet,random_mc,17,2,0,0,0,2,2,asynchronous
n010_034.bnet,random_mc,18,2,0,0,0,2,2,asynchronous
n010_034.bnet,random_mc,19,2,0,0,0,2,2,asynchronous
n010_034.bnet,random_mc,20,2,0,0,0,2,2,asynchronous
n010_034.bnet,random_mc,21,2,0,0,0,2,2,asynchronous
n010_034.bnet,random_mc,22,2,0,0,0,2,2,asynchronous
n010_034.bnet,random_mc,23,2,0,0,0,2,2,asynchronous
n010_034.bnet,random_mc,24,2,0,0,0,2,2,asynchronous
n010_034.bnet,random_mc,25,2,0,0,0,2,2,asynchronous
n010_034.bnet,random_mc,26,2,0,0,0,2,2,asynchronous
n010_034.bnet,random_mc,27,2,0,0,0,2,2,asynchronous
n010_034.bnet,random_mc,28,2,0,0,0,2,2,asynchronous
n010_034.bnet,random_mc,29,2,0,0,0,2,2,asynchronous
n010_035.bnet,sd_mc,,32,0,0,0,32,4,asynchronous
n010_035.bnet,null_mc,,12,0,0,20,32,4,asynchronous
n010_035.bnet,ref,,0,0,0,32,32,4,asynchronous
n010_035.bnet,random_mc,0,12,0,0,20,32,4,asynchronous
n010_035.bnet,random_mc,1,12,0,0,20,32,4,asynchronous
n010_035.bnet,random_mc,2,12,0,0,20,32,4,asynchronous
n010_035.bnet,random_mc,3,12,0,0,20,32,4,asynchronous
n010_035.bnet,random_mc,4,12,0,0,20,32,4,asynchronous
n010_035.bnet,random_mc,5,12,0,0,20,32,4,asynchronous
n010_035.bnet,random_mc,6,12,0,0,20,32,4,asynchronous
n010_035.bnet,random_mc,7,12,0,0,20,32,4,asynchronous
n010_035.bnet,random_mc,8,12,0,0,20,32,4,asynchronous
n010_035.bnet,random_mc,9,12,0,0,20,32,4,asynchronous
n010_035.bnet,random_mc,10,12,0,0,20,32,4,asynchronous
n010_035.bnet,random_mc,11,12,0,0,20,32,4,asynchronous
n010_035.bnet,random_mc,12,12,0,0,20,32,4,asynchronous
n010_035.bnet,random_mc,13,12,0,0,20,32,4,asynchronous
n010_035.bnet,random_mc,14,12,0,0,20,32,4,asynchronous
n010_035.bnet,random_mc,15,12,0,0,20,32,4,asynchronous
n010_035.bnet,random_mc,16,12,0,0,20,32,4,asynchronous
n010_035.bnet,random_mc,17,12,0,0,20,32,4,asynchronous
n010_035.bnet,random_mc,18,12,0,0,20,32,4,asynchronous
n010_035.bnet,random_mc,19,12,0,0,20,32,4,asynchronous
n010_035.bnet,random_mc,20,12,0,0,20,32,4,asynchronous
n010_035.bnet,random_mc,21,12,0,0,20,32,4,asynchronous
n010_035.bnet,random_mc,22,12,0,0,20,32,4,asynchronous
n010_035.bnet,random_mc,23,12,0,0,20,32,4,asynchronous
n010_035.bnet,random_mc,24,12,0,0,20,32,4,asynchronous
n010_035.bnet,random_mc,25,12,0,0,20,32,4,asynchronous
n010_035.bnet,random_mc,26,12,0,0,20,32,4,asynchronous
n010_035.bnet,random_mc,27,12,0,0,20,32,4,asynchronous
n010_035.bnet,random_mc,28,12,0,0,20,32,4,asynchronous
n010_035.bnet,random_mc,29,12,0,0,20,32,4,asynchronous
n010_036.bnet,sd_mc,,36,0,28,0,64,4,asynchronous
n010_036.bnet,null_mc,,10,0,28,26,64,4,asynchronous
n010_036.bnet,ref,,0,0,28,36,64,4,asynchronous
n010_036.bnet,random_mc,0,10,0,28,26,64,4,asynchronous
n010_036.bnet,random_mc,1,10,0,28,26,64,4,asynchronous
n010_036.bnet,random_mc,2,10,0,28,26,64,4,asynchronous
n010_036.bnet,random_mc,3,10,0,28,26,64,4,asynchronous
n010_036.bnet,random_mc,4,10,0,28,26,64,4,asynchronous
n010_036.bnet,random_mc,5,10,0,28,26,64,4,asynchronous
n010_036.bnet,random_mc,6,10,0,28,26,64,4,asynchronous
n010_036.bnet,random_mc,7,10,0,28,26,64,4,asynchronous
n010_036.bnet,random_mc,8,10,0,28,26,64,4,asynchronous
n010_036.bnet,random_mc,9,10,0,28,26,64,4,asynchronous
n010_036.bnet,random_mc,10,10,0,28,26,64,4,asynchronous
n010_036.bnet,random_mc,11,11,0,28,25,64,4,asynchronous
n010_036.bnet,random_mc,12,10,0,28,26,64,4,asynchronous
n010_036.bnet,random_mc,13,10,0,28,26,64,4,asynchronous
n010_036.bnet,random_mc,14,10,0,28,26,64,4,asynchronous
n010_036.bnet,random_mc,15,10,0,28,26,64,4,asynchronous
n010_036.bnet,random_mc,16,10,0,28,26,64,4,asynchronous
n010_036.bnet,random_mc,17,10,0,28,26,64,4,asynchronous
n010_036.bnet,random_mc,18,10,0,28,26,64,4,asynchronous
n010_036.bnet,random_mc,19,11,0,28,25,64,4,asynchronous
n010_036.bnet,random_mc,20,10,0,28,26,64,4,asynchronous
n010_036.bnet,random_mc,21,10,0,28,26,64,4,asynchronous
n010_036.bnet,random_mc,22,10,0,28,26,64,4,asynchronous
n010_036.bnet,random_mc,23,10,0,28,26,64,4,asynchronous
n010_036.bnet,random_mc,24,10,0,28,26,64,4,asynchronous
n010_036.bnet,random_mc,25,10,0,28,26,64,4,asynchronous
n010_036.bnet,random_mc,26,10,0,28,26,64,4,asynchronous
n010_036.bnet,random_mc,27,10,0,28,26,64,4,asynchronous
n010_036.bnet,random_mc,28,10,0,28,26,64,4,asynchronous
n010_036.bnet,random_mc,29,10,0,28,26,64,4,asynchronous
n010_040.bnet,sd_mc,,4,0,0,0,4,4,asynchronous
n010_040.bnet,null_mc,,4,0,0,0,4,4,asynchronous
n010_040.bnet,ref,,0,0,0,4,4,4,asynchronous
n010_040.bnet,random_mc,0,4,0,0,0,4,4,asynchronous
n010_040.bnet,random_mc,1,4,0,0,0,4,4,asynchronous
n010_040.bnet,random_mc,2,4,0,0,0,4,4,asynchronous
n010_040.bnet,random_mc,3,4,0,0,0,4,4,asynchronous
n010_040.bnet,random_mc,4,4,0,0,0,4,4,asynchronous
n010_040.bnet,random_mc,5,4,0,0,0,4,4,asynchronous
n010_040.bnet,random_mc,6,4,0,0,0,4,4,asynchronous
n010_040.bnet,random_mc,7,4,0,0,0,4,4,asynchronous
n010_040.bnet,random_mc,8,4,0,0,0,4,4,asynchronous
n010_040.bnet,random_mc,9,4,0,0,0,4,4,asynchronous
n010_040.bnet,random_mc,10,4,0,0,0,4,4,asynchronous
n010_040.bnet,random_mc,11,4,0,0,0,4,4,asynchronous
n010_040.bnet,random_mc,12,4,0,0,0,4,4,asynchronous
n010_040.bnet,random_mc,13,4,0,0,0,4,4,asynchronous
n010_040.bnet,random_mc,14,4,0,0,0,4,4,asynchronous
n010_040.bnet,random_mc,15,4,0,0,0,4,4,asynchronous
n010_040.bnet,random_mc,16,4,0,0,0,4,4,asynchronous
n010_040.bnet,random_mc,17,4,0,0,0,4,4,asynchronous
n010_040.bnet,random_mc,18,4,0,0,0,4,4,asynchronous
n010_040.bnet,random_mc,19,4,0,0,0,4,4,asynchronous
n010_040.bnet,random_mc,20,4,0,0,0,4,4,asynchronous
n010_040.bnet,random_mc,21,4,0,0,0,4,4,asynchronous
n010_040.bnet,random_mc,22,4,0,0,0,4,4,asynchronous
n010_040.bnet,random_mc,23,4,0,0,0,4,4,asynchronous
n010_040.bnet,random_mc,24,4,0,0,0,4,4,asynchronous
n010_040.bnet,random_mc,25,4,0,0,0,4,4,asynchronous
n010_040.bnet,random_mc,26,4,0,0,0,4,4,asynchronous
n010_040.bnet,random_mc,27,4,0,0,0,4,4,asynchronous
n010_040.bnet,random_mc,28,4,0,0,0,4,4,asynchronous
n010_040.bnet,random_mc,29,4,0,0,0,4,4,asynchronous
n010_043.bnet,sd_mc,,256,0,0,0,256,2,asynchronous
n010_043.bnet,null_mc,,65,0,0,191,256,2,asynchronous
n010_043.bnet,ref,,0,0,0,256,256,2,asynchronous
n010_043.bnet,random_mc,0,65,0,0,191,256,2,asynchronous
n010_043.bnet,random_mc,1,65,0,0,191,256,2,asynchronous
n010_043.bnet,random_mc,2,65,0,0,191,256,2,asynchronous
n010_043.bnet,random_mc,3,65,0,0,191,256,2,asynchronous
n010_043.bnet,random_mc,4,65,0,0,191,256,2,asynchronous
n010_043.bnet,random_mc,5,65,0,0,191,256,2,asynchronous
n010_043.bnet,random_mc,6,65,0,0,191,256,2,asynchronous
n010_043.bnet,random_mc,7,65,0,0,191,256,2,asynchronous
n010_043.bnet,random_mc,8,65,0,0,191,256,2,asynchronous
n010_043.bnet,random_mc,9,65,0,0,191,256,2,asynchronous
n010_043.bnet,random_mc,10,65,0,0,191,256,2,asynchronous
n010_043.bnet,random_mc,11,65,0,0,191,256,2,asynchronous
n010_043.bnet,random_mc,12,65,0,0,191,256,2,asynchronous
n010_043.bnet,random_mc,13,65,0,0,191,256,2,asynchronous
n010_043.bnet,random_mc,14,65,0,0,191,256,2,asynchronous
n010_043.bnet,random_mc,15,65,0,0,191,256,2,asynchronous
n010_043.bnet,random_mc,16,65,0,0,191,256,2,asynchronous
n010_043.bnet,random_mc,17,65,0,0,191,256,2,asynchronous
n010_043.bnet,random_mc,18,65,0,0,191,256,2,asynchronous
n010_043.bnet,random_mc,19,65,0,0,191,256,2,asynchronous
n010_043.bnet,random_mc,20,65,0,0,191,256,2,asynchronous
n010_043.bnet,random_mc,21,65,0,0,191,256,2,asynchronous
n010_043.bnet,random_mc,22,65,0,0,191,256,2,asynchronous
n010_043.bnet,random_mc,23,65,0,0,191,256,2,asynchronous
n010_043.bnet,random_mc,24,65,0,0,191,256,2,asynchronous
n010_043.bnet,random_mc,25,65,0,0,191,256,2,asynchronous
n010_043.bnet,random_mc,26,65,0,0,191,256,2,asynchronous
n010_043.bnet,random_mc,27,65,0,0,191,256,2,asynchronous
n010_043.bnet,random_mc,28,65,0,0,191,256,2,asynchronous
n010_043.bnet,random_mc,29,65,0,0,191,256,2,asynchronous
n010_048.bnet,sd_mc,,264,0,248,0,512,2,asynchronous
n010_048.bnet,null_mc,,2,0,248,262,512,2,asynchronous
n010_048.bnet,ref,,0,0,248,264,512,2,asynchronous
n010_048.bnet,random_mc,0,2,0,248,262,512,2,asynchronous
n010_048.bnet,random_mc,1,2,0,248,262,512,2,asynchronous
n010_048.bnet,random_mc,2,2,0,248,262,512,2,asynchronous
n010_048.bnet,random_mc,3,2,0,248,262,512,2,asynchronous
n010_048.bnet,random_mc,4,2,0,248,262,512,2,asynchronous
n010_048.bnet,random_mc,5,2,0,248,262,512,2,asynchronous
n010_048.bnet,random_mc,6,2,0,248,262,512,2,asynchronous
n010_048.bnet,random_mc,7,2,0,248,262,512,2,asynchronous
n010_048.bnet,random_mc,8,2,0,248,262,512,2,asynchronous
n010_048.bnet,random_mc,9,2,0,248,262,512,2,asynchronous
n010_048.bnet,random_mc,10,2,0,248,262,512,2,asynchronous
n010_048.bnet,random_mc,11,2,0,248,262,512,2,asynchronous
n010_048.bnet,random_mc,12,2,0,248,262,512,2,asynchronous
n010_048.bnet,random_mc,13,2,0,248,262,512,2,asynchronous
n010_048.bnet,random_mc,14,2,0,248,262,512,2,asynchronous
n010_048.bnet,random_mc,15,2,0,248,262,512,2,asynchronous
n010_048.bnet,random_mc,16,2,0,248,262,512,2,asynchronous
n010_048.bnet,random_mc,17,2,0,248,262,512,2,asynchronous
n010_048.bnet,random_mc,18,2,0,248,262,512,2,asynchronous
n010_048.bnet,random_mc,19,2,0,248,262,512,2,asynchronous
n010_048.bnet,random_mc,20,2,0,248,262,512,2,asynchronous
n010_048.bnet,random_mc,21,2,0,248,262,512,2,asynchronous
n010_048.bnet,random_mc,22,2,0,248,262,512,2,asynchronous
n010_048.bnet,random_mc,23,2,0,248,262,512,2,asynchronous
n010_048.bnet,random_mc,24,2,0,248,262,512,2,asynchronous
n010_048.bnet,random_mc,25,2,0,248,262,512,2,asynchronous
n010_048.bnet,random_mc,26,2,0,248,262,512,2,asynchronous
n010_048.bnet,random_mc,27,2,0,248,262,512,2,asynchronous
n010_048.bnet,random_mc,28,2,0,248,262,512,2,asynchronous
n010_048.bnet,random_mc,29,2,0,248,262,512,2,asynchronous
n010_049.bnet,sd_mc,,72,0,440,0,512,4,asynchronous
n010_049.bnet,null_mc,,4,0,440,68,512,4,asynchronous
n010_049.bnet,ref,,0,0,440,72,512,4,asynchronous
n010_049.bnet,random_mc,0,4,0,440,68,512,4,asynchronous
n010_049.bnet,random_mc,1,4,0,440,68,512,4,asynchronous
n010_049.bnet,random_mc,2,4,0,440,68,512,4,asynchronous
n010_049.bnet,random_mc,3,4,0,440,68,512,4,asynchronous
n010_049.bnet,random_mc,4,4,0,440,68,512,4,asynchronous
n010_049.bnet,random_mc,5,4,0,440,68,512,4,asynchronous
n010_049.bnet,random_mc,6,4,0,440,68,512,4,asynchronous
n010_049.bnet,random_mc,7,4,0,440,68,512,4,asynchronous
n010_049.bnet,random_mc,8,4,0,440,68,512,4,asynchronous
n010_049.bnet,random_mc,9,4,0,440,68,512,4,asynchronous
n010_049.bnet,random_mc,10,4,0,440,68,512,4,asynchronous
n010_049.bnet,random_mc,11,4,0,440,68,512,4,asynchronous
n010_049.bnet,random_mc,12,4,0,440,68,512,4,asynchronous
n010_049.bnet,random_mc,13,4,0,440,68,512,4,asynchronous
n010_049.bnet,random_mc,14,4,0,440,68,512,4,asynchronous
n010_049.bnet,random_mc,15,4,0,440,68,512,4,asynchronous
n010_049.bnet,random_mc,16,4,0,440,68,512,4,asynchronous
n010_049.bnet,random_mc,17,4,0,440,68,512,4,asynchronous
n010_049.bnet,random_mc,18,4,0,440,68,512,4,asynchronous
n010_049.bnet,random_mc,19,4,0,440,68,512,4,asynchronous
n010_049.bnet,random_mc,20,4,0,440,68,512,4,asynchronous
n010_049.bnet,random_mc,21,4,0,440,68,512,4,asynchronous
n010_049.bnet,random_mc,22,4,0,440,68,512,4,asynchronous
n010_049.bnet,random_mc,23,4,0,440,68,512,4,asynchronous
n010_049.bnet,random_mc,24,4,0,440,68,512,4,asynchronous
n010_049.bnet,random_mc,25,4,0,440,68,512,4,asynchronous
n010_049.bnet,random_mc,26,4,0,440,68,512,4,asynchronous
n010_049.bnet,random_mc,27,4,0,440,68,512,4,asynchronous
n010_049.bnet,random_mc,28,4,0,440,68,512,4,asynchronous
n010_049.bnet,random_mc,29,4,0,440,68,512,4,asynchronous
n010_051.bnet,sd_mc,,24,0,980,20,1024,6,asynchronous
n010_051.bnet,null_mc,,16,0,980,28,1024,6,asynchronous
n010_051.bnet,ref,,0,0,980,44,1024,6,asynchronous
n010_051.bnet,random_mc,0,16,0,980,28,1024,6,asynchronous
n010_051.bnet,random_mc,1,16,0,980,28,1024,6,asynchronous
n010_051.bnet,random_mc,2,16,0,980,28,1024,6,asynchronous
n010_051.bnet,random_mc,3,16,0,980,28,1024,6,asynchronous
n010_051.bnet,random_mc,4,16,0,980,28,1024,6,asynchronous
n010_051.bnet,random_mc,5,16,0,980,28,1024,6,asynchronous
n010_051.bnet,random_mc,6,16,0,980,28,1024,6,asynchronous
n010_051.bnet,random_mc,7,16,0,980,28,1024,6,asynchronous
n010_051.bnet,random_mc,8,16,0,980,28,1024,6,asynchronous
n010_051.bnet,random_mc,9,16,0,980,28,1024,6,asynchronous
n010_051.bnet,random_mc,10,16,0,980,28,1024,6,asynchronous
n010_051.bnet,random_mc,11,16,0,980,28,1024,6,asynchronous
n010_051.bnet,random_mc,12,16,0,980,28,1024,6,asynchronous
n010_051.bnet,random_mc,13,16,0,980,28,1024,6,asynchronous
n010_051.bnet,random_mc,14,16,0,980,28,1024,6,asynchronous
n010_051.bnet,random_mc,15,16,0,980,28,1024,6,asynchronous
n010_051.bnet,random_mc,16,16,0,980,28,1024,6,asynchronous
n010_051.bnet,random_mc,17,16,0,980,28,1024,6,asynchronous
n010_051.bnet,random_mc,18,16,0,980,28,1024,6,asynchronous
n010_051.bnet,random_mc,19,16,0,980,28,1024,6,asynchronous
n010_051.bnet,random_mc,20,16,0,980,28,1024,6,asynchronous
n010_051.bnet,random_mc,21,16,0,980,28,1024,6,asynchronous
n010_051.bnet,random_mc,22,16,0,980,28,1024,6,asynchronous
n010_051.bnet,random_mc,23,16,0,980,28,1024,6,asynchronous
n010_051.bnet,random_mc,24,16,0,980,28,1024,6,asynchronous
n010_051.bnet,random_mc,25,16,0,980,28,1024,6,asynchronous
n010_051.bnet,random_mc,26,16,0,980,28,1024,6,asynchronous
n010_051.bnet,random_mc,27,16,0,980,28,1024,6,asynchronous
n010_051.bnet,random_mc,28,16,0,980,28,1024,6,asynchronous
n010_051.bnet,random_mc,29,16,0,980,28,1024,6,asynchronous
n010_052.bnet,sd_mc,,2,0,0,0,2,2,asynchronous
n010_052.bnet,null_mc,,2,0,0,0,2,2,asynchronous
n010_052.bnet,ref,,0,0,0,2,2,2,asynchronous
n010_052.bnet,random_mc,0,2,0,0,0,2,2,asynchronous
n010_052.bnet,random_mc,1,2,0,0,0,2,2,asynchronous
n010_052.bnet,random_mc,2,2,0,0,0,2,2,asynchronous
n010_052.bnet,random_mc,3,2,0,0,0,2,2,asynchronous
n010_052.bnet,random_mc,4,2,0,0,0,2,2,asynchronous
n010_052.bnet,random_mc,5,2,0,0,0,2,2,asynchronous
n010_052.bnet,random_mc,6,2,0,0,0,2,2,asynchronous
n010_052.bnet,random_mc,7,2,0,0,0,2,2,asynchronous
n010_052.bnet,random_mc,8,2,0,0,0,2,2,asynchronous
n010_052.bnet,random_mc,9,2,0,0,0,2,2,asynchronous
n010_052.bnet,random_mc,10,2,0,0,0,2,2,asynchronous
n010_052.bnet,random_mc,11,2,0,0,0,2,2,asynchronous
n010_052.bnet,random_mc,12,2,0,0,0,2,2,asynchronous
n010_052.bnet,random_mc,13,2,0,0,0,2,2,asynchronous
n010_052.bnet,random_mc,14,2,0,0,0,2,2,asynchronous
n010_052.bnet,random_mc,15,2,0,0,0,2,2,asynchronous
n010_052.bnet,random_mc,16,2,0,0,0,2,2,asynchronous
n010_052.bnet,random_mc,17,2,0,0,0,2,2,asynchronous
n010_052.bnet,random_mc,18,2,0,0,0,2,2,asynchronous
n010_052.bnet,random_mc,19,2,0,0,0,2,2,asynchronous
n010_052.bnet,random_mc,20,2,0,0,0,2,2,asynchronous
n010_052.bnet,random_mc,21,2,0,0,0,2,2,asynchronous
n010_052.bnet,random_mc,22,2,0,0,0,2,2,asynchronous
n010_052.bnet,random_mc,23,2,0,0,0,2,2,asynchronous
n010_052.bnet,random_mc,24,2,0,0,0,2,2,asynchronous
n010_052.bnet,random_mc,25,2,0,0,0,2,2,asynchronous
n010_052.bnet,random_mc,26,2,0,0,0,2,2,asynchronous
n010_052.bnet,random_mc,27,2,0,0,0,2,2,asynchronous
n010_052.bnet,random_mc,28,2,0,0,0,2,2,asynchronous
n010_052.bnet,random_mc,29,2,0,0,0,2,2,asynchronous
n010_055.bnet,sd_mc,,6,0,484,22,512,3,asynchronous
n010_055.bnet,null_mc,,3,0,484,25,512,3,asynchronous
n010_055.bnet,ref,,0,0,484,28,512,3,asynchronous
n010_055.bnet,random_mc,0,3,0,484,25,512,3,asynchronous
n010_055.bnet,random_mc,1,3,0,484,25,512,3,asynchronous
n010_055.bnet,random_mc,2,3,0,484,25,512,3,asynchronous
n010_055.bnet,random_mc,3,3,0,484,25,512,3,asynchronous
n010_055.bnet,random_mc,4,3,0,484,25,512,3,asynchronous
n010_055.bnet,random_mc,5,3,0,484,25,512,3,asynchronous
n010_055.bnet,random_mc,6,3,0,484,25,512,3,asynchronous
n010_055.bnet,random_mc,7,3,0,484,25,512,3,asynchronous
n010_055.bnet,random_mc,8,3,0,484,25,512,3,asynchronous
n010_055.bnet,random_mc,9,3,0,484,25,512,3,asynchronous
n010_055.bnet,random_mc,10,3,0,484,25,512,3,asynchronous
n010_055.bnet,random_mc,11,3,0,484,25,512,3,asynchronous
n010_055.bnet,random_mc,12,3,0,484,25,512,3,asynchronous
n010_055.bnet,random_mc,13,3,0,484,25,512,3,asynchronous
n010_055.bnet,random_mc,14,3,0,484,25,512,3,asynchronous
n010_055.bnet,random_mc,15,3,0,484,25,512,3,asynchronous
n010_055.bnet,random_mc,16,3,0,484,25,512,3,asynchronous
n010_055.bnet,random_mc,17,3,0,484,25,512,3,asynchronous
n010_055.bnet,random_mc,18,3,0,484,25,512,3,asynchronous
n010_055.bnet,random_mc,19,3,0,484,25,512,3,asynchronous
n010_055.bnet,random_mc,20,3,0,484,25,512,3,asynchronous
n010_055.bnet,random_mc,21,3,0,484,25,512,3,asynchronous
n010_055.bnet,random_mc,22,3,0,484,25,512,3,asynchronous
n010_055.bnet,random_mc,23,3,0,484,25,512,3,asynchronous
n010_055.bnet,random_mc,24,3,0,484,25,512,3,asynchronous
n010_055.bnet,random_mc,25,3,0,484,25,512,3,asynchronous
n010_055.bnet,random_mc,26,3,0,484,25,512,3,asynchronous
n010_055.bnet,random_mc,27,3,0,484,25,512,3,asynchronous
n010_055.bnet,random_mc,28,3,0,484,25,512,3,asynchronous
n010_055.bnet,random_mc,29,3,0,484,25,512,3,asynchronous
n010_059.bnet,sd_mc,,128,0,0,0,128,4,asynchronous
n010_059.bnet,null_mc,,4,0,0,124,128,4,asynchronous
n010_059.bnet,ref,,0,0,0,128,128,4,asynchronous
n010_059.bnet,random_mc,0,4,0,0,124,128,4,asynchronous
n010_059.bnet,random_mc,1,4,0,0,124,128,4,asynchronous
n010_059.bnet,random_mc,2,4,0,0,124,128,4,asynchronous
n010_059.bnet,random_mc,3,4,0,0,124,128,4,asynchronous
n010_059.bnet,random_mc,4,4,0,0,124,128,4,asynchronous
n010_059.bnet,random_mc,5,4,0,0,124,128,4,asynchronous
n010_059.bnet,random_mc,6,4,0,0,124,128,4,asynchronous
n010_059.bnet,random_mc,7,4,0,0,124,128,4,asynchronous
n010_059.bnet,random_mc,8,4,0,0,124,128,4,asynchronous
n010_059.bnet,random_mc,9,4,0,0,124,128,4,asynchronous
n010_059.bnet,random_mc,10,4,0,0,124,128,4,asynchronous
n010_059.bnet,random_mc,11,4,0,0,124,128,4,asynchronous
n010_059.bnet,random_mc,12,4,0,0,124,128,4,asynchronous
n010_059.bnet,random_mc,13,4,0,0,124,128,4,asynchronous
n010_059.bnet,random_mc,14,4,0,0,124,128,4,asynchronous
n010_059.bnet,random_mc,15,4,0,0,124,128,4,asynchronous
n010_059.bnet,random_mc,16,4,0,0,124,128,4,asynchronous
n010_059.bnet,random_mc,17,4,0,0,124,128,4,asynchronous
n010_059.bnet,random_mc,18,4,0,0,124,128,4,asynchronous
n010_059.bnet,random_mc,19,4,0,0,124,128,4,asynchronous
n010_059.bnet,random_mc,20,4,0,0,124,128,4,asynchronous
n010_059.bnet,random_mc,21,4,0,0,124,128,4,asynchronous
n010_059.bnet,random_mc,22,4,0,0,124,128,4,asynchronous
n010_059.bnet,random_mc,23,4,0,0,124,128,4,asynchronous
n010_059.bnet,random_mc,24,4,0,0,124,128,4,asynchronous
n010_059.bnet,random_mc,25,4,0,0,124,128,4,asynchronous
n010_059.bnet,random_mc,26,4,0,0,124,128,4,asynchronous
n010_059.bnet,random_mc,27,4,0,0,124,128,4,asynchronous
n010_059.bnet,random_mc,28,4,0,0,124,128,4,asynchronous
n010_059.bnet,random_mc,29,4,0,0,124,128,4,asynchronous
n010_060.bnet,sd_mc,,8,0,828,188,1024,2,asynchronous
n010_060.bnet,null_mc,,3,0,828,193,1024,2,asynchronous
n010_060.bnet,ref,,0,0,828,196,1024,2,asynchronous
n010_060.bnet,random_mc,0,3,0,828,193,1024,2,asynchronous
n010_060.bnet,random_mc,1,3,0,828,193,1024,2,asynchronous
n010_060.bnet,random_mc,2,3,0,828,193,1024,2,asynchronous
n010_060.bnet,random_mc,3,3,0,828,193,1024,2,asynchronous
n010_060.bnet,random_mc,4,3,0,828,193,1024,2,asynchronous
n010_060.bnet,random_mc,5,3,0,828,193,1024,2,asynchronous
n010_060.bnet,random_mc,6,3,0,828,193,1024,2,asynchronous
n010_060.bnet,random_mc,7,3,0,828,193,1024,2,asynchronous
n010_060.bnet,random_mc,8,3,0,828,193,1024,2,asynchronous
n010_060.bnet,random_mc,9,3,0,828,193,1024,2,asynchronous
n010_060.bnet,random_mc,10,3,0,828,193,1024,2,asynchronous
n010_060.bnet,random_mc,11,3,0,828,193,1024,2,asynchronous
n010_060.bnet,random_mc,12,3,0,828,193,1024,2,asynchronous
n010_060.bnet,random_mc,13,3,0,828,193,1024,2,asynchronous
n010_060.bnet,random_mc,14,3,0,828,193,1024,2,asynchronous
n010_060.bnet,random_mc,15,3,0,828,193,1024,2,asynchronous
n010_060.bnet,random_mc,16,3,0,828,193,1024,2,asynchronous
n010_060.bnet,random_mc,17,3,0,828,193,1024,2,asynchronous
n010_060.bnet,random_mc,18,3,0,828,193,1024,2,asynchronous
n010_060.bnet,random_mc,19,3,0,828,193,1024,2,asynchronous
n010_060.bnet,random_mc,20,3,0,828,193,1024,2,asynchronous
n010_060.bnet,random_mc,21,3,0,828,193,1024,2,asynchronous
n010_060.bnet,random_mc,22,3,0,828,193,1024,2,asynchronous
n010_060.bnet,random_mc,23,3,0,828,193,1024,2,asynchronous
n010_060.bnet,random_mc,24,3,0,828,193,1024,2,asynchronous
n010_060.bnet,random_mc,25,3,0,828,193,1024,2,asynchronous
n010_060.bnet,random_mc,26,3,0,828,193,1024,2,asynchronous
n010_060.bnet,random_mc,27,3,0,828,193,1024,2,asynchronous
n010_060.bnet,random_mc,28,3,0,828,193,1024,2,asynchronous
n010_060.bnet,random_mc,29,3,0,828,193,1024,2,asynchronous
n010_061.bnet,sd_mc,,50,0,72,6,128,3,asynchronous
n010_061.bnet,null_mc,,5,0,72,51,128,3,asynchronous
n010_061.bnet,ref,,0,0,72,56,128,3,asynchronous
n010_061.bnet,random_mc,0,5,0,72,51,128,3,asynchronous
n010_061.bnet,random_mc,1,5,0,72,51,128,3,asynchronous
n010_061.bnet,random_mc,2,5,0,72,51,128,3,asynchronous
n010_061.bnet,random_mc,3,5,0,72,51,128,3,asynchronous
n010_061.bnet,random_mc,4,5,0,72,51,128,3,asynchronous
n010_061.bnet,random_mc,5,5,0,72,51,128,3,asynchronous
n010_061.bnet,random_mc,6,5,0,72,51,128,3,asynchronous
n010_061.bnet,random_mc,7,5,0,72,51,128,3,asynchronous
n010_061.bnet,random_mc,8,5,0,72,51,128,3,asynchronous
n010_061.bnet,random_mc,9,5,0,72,51,128,3,asynchronous
n010_061.bnet,random_mc,10,5,0,72,51,128,3,asynchronous
n010_061.bnet,random_mc,11,5,0,72,51,128,3,asynchronous
n010_061.bnet,random_mc,12,5,0,72,51,128,3,asynchronous
n010_061.bnet,random_mc,13,5,0,72,51,128,3,asynchronous
n010_061.bnet,random_mc,14,5,0,72,51,128,3,asynchronous
n010_061.bnet,random_mc,15,5,0,72,51,128,3,asynchronous
n010_061.bnet,random_mc,16,5,0,72,51,128,3,asynchronous
n010_061.bnet,random_mc,17,5,0,72,51,128,3,asynchronous
n010_061.bnet,random_mc,18,5,0,72,51,128,3,asynchronous
n010_061.bnet,random_mc,19,5,0,72,51,128,3,asynchronous
n010_061.bnet,random_mc,20,5,0,72,51,128,3,asynchronous
n010_061.bnet,random_mc,21,5,0,72,51,128,3,asynchronous
n010_061.bnet,random_mc,22,5,0,72,51,128,3,asynchronous
n010_061.bnet,random_mc,23,5,0,72,51,128,3,asynchronous
n010_061.bnet,random_mc,24,5,0,72,51,128,3,asynchronous
n010_061.bnet,random_mc,25,5,0,72,51,128,3,asynchronous
n010_061.bnet,random_mc,26,5,0,72,51,128,3,asynchronous
n010_061.bnet,random_mc,27,5,0,72,51,128,3,asynchronous
n010_061.bnet,random_mc,28,5,0,72,51,128,3,asynchronous
n010_061.bnet,random_mc,29,5,0,72,51,128,3,asynchronous
n010_063.bnet,sd_mc,,10,0,22,0,32,2,asynchronous
n010_063.bnet,null_mc,,2,0,22,8,32,2,asynchronous
n010_063.bnet,ref,,0,0,22,10,32,2,asynchronous
n010_063.bnet,random_mc,0,2,0,22,8,32,2,asynchronous
n010_063.bnet,random_mc,1,2,0,22,8,32,2,asynchronous
n010_063.bnet,random_mc,2,2,0,22,8,32,2,asynchronous
n010_063.bnet,random_mc,3,2,0,22,8,32,2,asynchronous
n010_063.bnet,random_mc,4,2,0,22,8,32,2,asynchronous
n010_063.bnet,random_mc,5,2,0,22,8,32,2,asynchronous
n010_063.bnet,random_mc,6,2,0,22,8,32,2,asynchronous
n010_063.bnet,random_mc,7,2,0,22,8,32,2,asynchronous
n010_063.bnet,random_mc,8,2,0,22,8,32,2,asynchronous
n010_063.bnet,random_mc,9,2,0,22,8,32,2,asynchronous
n010_063.bnet,random_mc,10,2,0,22,8,32,2,asynchronous
n010_063.bnet,random_mc,11,2,0,22,8,32,2,asynchronous
n010_063.bnet,random_mc,12,2,0,22,8,32,2,asynchronous
n010_063.bnet,random_mc,13,2,0,22,8,32,2,asynchronous
n010_063.bnet,random_mc,14,2,0,22,8,32,2,asynchronous
n010_063.bnet,random_mc,15,2,0,22,8,32,2,asynchronous
n010_063.bnet,random_mc,16,2,0,22,8,32,2,asynchronous
n010_063.bnet,random_mc,17,2,0,22,8,32,2,asynchronous
n010_063.bnet,random_mc,18,2,0,22,8,32,2,asynchronous
n010_063.bnet,random_mc,19,2,0,22,8,32,2,asynchronous
n010_063.bnet,random_mc,20,2,0,22,8,32,2,asynchronous
n010_063.bnet,random_mc,21,2,0,22,8,32,2,asynchronous
n010_063.bnet,random_mc,22,2,0,22,8,32,2,asynchronous
n010_063.bnet,random_mc,23,2,0,22,8,32,2,asynchronous
n010_063.bnet,random_mc,24,2,0,22,8,32,2,asynchronous
n010_063.bnet,random_mc,25,2,0,22,8,32,2,asynchronous
n010_063.bnet,random_mc,26,2,0,22,8,32,2,asynchronous
n010_063.bnet,random_mc,27,2,0,22,8,32,2,asynchronous
n010_063.bnet,random_mc,28,2,0,22,8,32,2,asynchronous
n010_063.bnet,random_mc,29,2,0,22,8,32,2,asynchronous
n010_069.bnet,sd_mc,,12,0,18,2,32,2,asynchronous
n010_069.bnet,null_mc,,2,0,18,12,32,2,asynchronous
n010_069.bnet,ref,,0,0,18,14,32,2,asynchronous
n010_069.bnet,random_mc,0,2,0,18,12,32,2,asynchronous
n010_069.bnet,random_mc,1,2,0,18,12,32,2,asynchronous
n010_069.bnet,random_mc,2,2,0,18,12,32,2,asynchronous
n010_069.bnet,random_mc,3,2,0,18,12,32,2,asynchronous
n010_069.bnet,random_mc,4,2,0,18,12,32,2,asynchronous
n010_069.bnet,random_mc,5,2,0,18,12,32,2,asynchronous
n010_069.bnet,random_mc,6,2,0,18,12,32,2,asynchronous
n010_069.bnet,random_mc,7,2,0,18,12,32,2,asynchronous
n010_069.bnet,random_mc,8,2,0,18,12,32,2,asynchronous
n010_069.bnet,random_mc,9,2,0,18,12,32,2,asynchronous
n010_069.bnet,random_mc,10,2,0,18,12,32,2,asynchronous
n010_069.bnet,random_mc,11,2,0,18,12,32,2,asynchronous
n010_069.bnet,random_mc,12,2,0,18,12,32,2,asynchronous
n010_069.bnet,random_mc,13,2,0,18,12,32,2,asynchronous
n010_069.bnet,random_mc,14,2,0,18,12,32,2,asynchronous
n010_069.bnet,random_mc,15,2,0,18,12,32,2,asynchronous
n010_069.bnet,random_mc,16,2,0,18,12,32,2,asynchronous
n010_069.bnet,random_mc,17,2,0,18,12,32,2,asynchronous
n010_069.bnet,random_mc,18,2,0,18,12,32,2,asynchronous
n010_069.bnet,random_mc,19,2,0,18,12,32,2,asynchronous
n010_069.bnet,random_mc,20,2,0,18,12,32,2,asynchronous
n010_069.bnet,random_mc,21,2,0,18,12,32,2,asynchronous
n010_069.bnet,random_mc,22,2,0,18,12,32,2,asynchronous
n010_069.bnet,random_mc,23,2,0,18,12,32,2,asynchronous
n010_069.bnet,random_mc,24,2,0,18,12,32,2,asynchronous
n010_069.bnet,random_mc,25,2,0,18,12,32,2,asynchronous
n010_069.bnet,random_mc,26,2,0,18,12,32,2,asynchronous
n010_069.bnet,random_mc,27,2,0,18,12,32,2,asynchronous
n010_069.bnet,random_mc,28,2,0,18,12,32,2,asynchronous
n010_069.bnet,random_mc,29,2,0,18,12,32,2,asynchronous
n010_070.bnet,sd_mc,,2,0,0,0,2,2,asynchronous
n010_070.bnet,null_mc,,2,0,0,0,2,2,asynchronous
n010_070.bnet,ref,,0,0,0,2,2,2,asynchronous
n010_070.bnet,random_mc,0,2,0,0,0,2,2,asynchronous
n010_070.bnet,random_mc,1,2,0,0,0,2,2,asynchronous
n010_070.bnet,random_mc,2,2,0,0,0,2,2,asynchronous
n010_070.bnet,random_mc,3,2,0,0,0,2,2,asynchronous
n010_070.bnet,random_mc,4,2,0,0,0,2,2,asynchronous
n010_070.bnet,random_mc,5,2,0,0,0,2,2,asynchronous
n010_070.bnet,random_mc,6,2,0,0,0,2,2,asynchronous
n010_070.bnet,random_mc,7,2,0,0,0,2,2,asynchronous
n010_070.bnet,random_mc,8,2,0,0,0,2,2,asynchronous
n010_070.bnet,random_mc,9,2,0,0,0,2,2,asynchronous
n010_070.bnet,random_mc,10,2,0,0,0,2,2,asynchronous
n010_070.bnet,random_mc,11,2,0,0,0,2,2,asynchronous
n010_070.bnet,random_mc,12,2,0,0,0,2,2,asynchronous
n010_070.bnet,random_mc,13,2,0,0,0,2,2,asynchronous
n010_070.bnet,random_mc,14,2,0,0,0,2,2,asynchronous
n010_070.bnet,random_mc,15,2,0,0,0,2,2,asynchronous
n010_070.bnet,random_mc,16,2,0,0,0,2,2,asynchronous
n010_070.bnet,random_mc,17,2,0,0,0,2,2,asynchronous
n010_070.bnet,random_mc,18,2,0,0,0,2,2,asynchronous
n010_070.bnet,random_mc,19,2,0,0,0,2,2,asynchronous
n010_070.bnet,random_mc,20,2,0,0,0,2,2,asynchronous
n010_070.bnet,random_mc,21,2,0,0,0,2,2,asynchronous
n010_070.bnet,random_mc,22,2,0,0,0,2,2,asynchronous
n010_070.bnet,random_mc,23,2,0,0,0,2,2,asynchronous
n010_070.bnet,random_mc,24,2,0,0,0,2,2,asynchronous
n010_070.bnet,random_mc,25,2,0,0,0,2,2,asynchronous
n010_070.bnet,random_mc,26,2,0,0,0,2,2,asynchronous
n010_070.bnet,random_mc,27,2,0,0,0,2,2,asynchronous
n010_070.bnet,random_mc,28,2,0,0,0,2,2,asynchronous
n010_070.bnet,random_mc,29,2,0,0,0,2,2,asynchronous
n010_071.bnet,sd_mc,,18,0,14,0,32,2,asynchronous
n010_071.bnet,null_mc,,2,0,14,16,32,2,asynchronous
n010_071.bnet,ref,,0,0,14,18,32,2,asynchronous
n010_071.bnet,random_mc,0,2,0,14,16,32,2,asynchronous
n010_071.bnet,random_mc,1,2,0,14,16,32,2,asynchronous
n010_071.bnet,random_mc,2,2,0,14,16,32,2,asynchronous
n010_071.bnet,random_mc,3,2,0,14,16,32,2,asynchronous
n010_071.bnet,random_mc,4,2,0,14,16,32,2,asynchronous
n010_071.bnet,random_mc,5,2,0,14,16,32,2,asynchronous
n010_071.bnet,random_mc,6,2,0,14,16,32,2,asynchronous
n010_071.bnet,random_mc,7,2,0,14,16,32,2,asynchronous
n010_071.bnet,random_mc,8,2,0,14,16,32,2,asynchronous
n010_071.bnet,random_mc,9,2,0,14,16,32,2,asynchronous
n010_071.bnet,random_mc,10,2,0,14,16,32,2,asynchronous
n010_071.bnet,random_mc,11,2,0,14,16,32,2,asynchronous
n010_071.bnet,random_mc,12,2,0,14,16,32,2,asynchronous
n010_071.bnet,random_mc,13,2,0,14,16,32,2,asynchronous
n010_071.bnet,random_mc,14,2,0,14,16,32,2,asynchronous
n010_071.bnet,random_mc,15,2,0,14,16,32,2,asynchronous
n010_071.bnet,random_mc,16,2,0,14,16,32,2,asynchronous
n010_071.bnet,random_mc,17,2,0,14,16,32,2,asynchronous
n010_071.bnet,random_mc,18,2,0,14,16,32,2,asynchronous
n010_071.bnet,random_mc,19,2,0,14,16,32,2,asynchronous
n010_071.bnet,random_mc,20,2,0,14,16,32,2,asynchronous
n010_071.bnet,random_mc,21,2,0,14,16,32,2,asynchronous
n010_071.bnet,random_mc,22,2,0,14,16,32,2,asynchronous
n010_071.bnet,random_mc,23,2,0,14,16,32,2,asynchronous
n010_071.bnet,random_mc,24,2,0,14,16,32,2,asynchronous
n010_071.bnet,random_mc,25,2,0,14,16,32,2,asynchronous
n010_071.bnet,random_mc,26,2,0,14,16,32,2,asynchronous
n010_071.bnet,random_mc,27,2,0,14,16,32,2,asynchronous
n010_071.bnet,random_mc,28,2,0,14,16,32,2,asynchronous
n010_071.bnet,random_mc,29,2,0,14,16,32,2,asynchronous
n010_074.bnet,sd_mc,,115,0,906,3,1024,3,asynchronous
n010_074.bnet,null_mc,,25,0,906,93,1024,3,asynchronous
n010_074.bnet,ref,,0,0,906,118,1024,3,asynchronous
n010_074.bnet,random_mc,0,25,0,906,93,1024,3,asynchronous
n010_074.bnet,random_mc,1,25,0,906,93,1024,3,asynchronous
n010_074.bnet,random_mc,2,25,0,906,93,1024,3,asynchronous
n010_074.bnet,random_mc,3,25,0,906,93,1024,3,asynchronous
n010_074.bnet,random_mc,4,25,0,906,93,1024,3,asynchronous
n010_074.bnet,random_mc,5,25,0,906,93,1024,3,asynchronous
n010_074.bnet,random_mc,6,25,0,906,93,1024,3,asynchronous
n010_074.bnet,random_mc,7,25,0,906,93,1024,3,asynchronous
n010_074.bnet,random_mc,8,25,0,906,93,1024,3,asynchronous
n010_074.bnet,random_mc,9,25,0,906,93,1024,3,asynchronous
n010_074.bnet,random_mc,10,25,0,906,93,1024,3,asynchronous
n010_074.bnet,random_mc,11,25,0,906,93,1024,3,asynchronous
n010_074.bnet,random_mc,12,25,0,906,93,1024,3,asynchronous
n010_074.bnet,random_mc,13,25,0,906,93,1024,3,asynchronous
n010_074.bnet,random_mc,14,25,0,906,93,1024,3,asynchronous
n010_074.bnet,random_mc,15,25,0,906,93,1024,3,asynchronous
n010_074.bnet,random_mc,16,25,0,906,93,1024,3,asynchronous
n010_074.bnet,random_mc,17,25,0,906,93,1024,3,asynchronous
n010_074.bnet,random_mc,18,25,0,906,93,1024,3,asynchronous
n010_074.bnet,random_mc,19,25,0,906,93,1024,3,asynchronous
n010_074.bnet,random_mc,20,25,0,906,93,1024,3,asynchronous
n010_074.bnet,random_mc,21,25,0,906,93,1024,3,asynchronous
n010_074.bnet,random_mc,22,25,0,906,93,1024,3,asynchronous
n010_074.bnet,random_mc,23,25,0,906,93,1024,3,asynchronous
n010_074.bnet,random_mc,24,25,0,906,93,1024,3,asynchronous
n010_074.bnet,random_mc,25,25,0,906,93,1024,3,asynchronous
n010_074.bnet,random_mc,26,25,0,906,93,1024,3,asynchronous
n010_074.bnet,random_mc,27,25,0,906,93,1024,3,asynchronous
n010_074.bnet,random_mc,28,25,0,906,93,1024,3,asynchronous
n010_074.bnet,random_mc,29,25,0,906,93,1024,3,asynchronous
n010_076.bnet,sd_mc,,8,0,8,0,16,3,asynchronous
n010_076.bnet,null_mc,,3,0,8,5,16,3,asynchronous
n010_076.bnet,ref,,0,0,8,8,16,3,asynchronous
n010_076.bnet,random_mc,0,3,0,8,5,16,3,asynchronous
n010_076.bnet,random_mc,1,6,0,8,2,16,3,asynchronous
n010_076.bnet,random_mc,2,5,0,8,3,16,3,asynchronous
n010_076.bnet,random_mc,3,5,0,8,3,16,3,asynchronous
n010_076.bnet,random_mc,4,4,0,8,4,16,3,asynchronous
n010_076.bnet,random_mc,5,6,0,8,2,16,3,asynchronous
n010_076.bnet,random_mc,6,3,0,8,5,16,3,asynchronous
n010_076.bnet,random_mc,7,3,0,8,5,16,3,asynchronous
n010_076.bnet,random_mc,8,3,0,8,5,16,3,asynchronous
n010_076.bnet,random_mc,9,3,0,8,5,16,3,asynchronous
n010_076.bnet,random_mc,10,4,0,8,4,16,3,asynchronous
n010_076.bnet,random_mc,11,3,0,8,5,16,3,asynchronous
n010_076.bnet,random_mc,12,4,0,8,4,16,3,asynchronous
n010_076.bnet,random_mc,13,3,0,8,5,16,3,asynchronous
n010_076.bnet,random_mc,14,3,0,8,5,16,3,asynchronous
n010_076.bnet,random_mc,15,3,0,8,5,16,3,asynchronous
n010_076.bnet,random_mc,16,5,0,8,3,16,3,asynchronous
n010_076.bnet,random_mc,17,3,0,8,5,16,3,asynchronous
n010_076.bnet,random_mc,18,4,0,8,4,16,3,asynchronous
n010_076.bnet,random_mc,19,4,0,8,4,16,3,asynchronous
n010_076.bnet,random_mc,20,4,0,8,4,16,3,asynchronous
n010_076.bnet,random_mc,21,4,0,8,4,16,3,asynchronous
n010_076.bnet,random_mc,22,4,0,8,4,16,3,asynchronous
n010_076.bnet,random_mc,23,4,0,8,4,16,3,asynchronous
n010_076.bnet,random_mc,24,3,0,8,5,16,3,asynchronous
n010_076.bnet,random_mc,25,6,0,8,2,16,3,asynchronous
n010_076.bnet,random_mc,26,3,0,8,5,16,3,asynchronous
n010_076.bnet,random_mc,27,3,0,8,5,16,3,asynchronous
n010_076.bnet,random_mc,28,3,0,8,5,16,3,asynchronous
n010_076.bnet,random_mc,29,4,0,8,4,16,3,asynchronous
n010_077.bnet,sd_mc,,256,0,0,0,256,2,asynchronous
n010_077.bnet,null_mc,,2,0,0,254,256,2,asynchronous
n010_077.bnet,ref,,0,0,0,256,256,2,asynchronous
n010_077.bnet,random_mc,0,2,0,0,254,256,2,asynchronous
n010_077.bnet,random_mc,1,2,0,0,254,256,2,asynchronous
n010_077.bnet,random_mc,2,2,0,0,254,256,2,asynchronous
n010_077.bnet,random_mc,3,2,0,0,254,256,2,asynchronous
n010_077.bnet,random_mc,4,2,0,0,254,256,2,asynchronous
n010_077.bnet,random_mc,5,2,0,0,254,256,2,asynchronous
n010_077.bnet,random_mc,6,2,0,0,254,256,2,asynchronous
n010_077.bnet,random_mc,7,2,0,0,254,256,2,asynchronous
n010_077.bnet,random_mc,8,2,0,0,254,256,2,asynchronous
n010_077.bnet,random_mc,9,2,0,0,254,256,2,asynchronous
n010_077.bnet,random_mc,10,2,0,0,254,256,2,asynchronous
n010_077.bnet,random_mc,11,2,0,0,254,256,2,asynchronous
n010_077.bnet,random_mc,12,2,0,0,254,256,2,asynchronous
n010_077.bnet,random_mc,13,2,0,0,254,256,2,asynchronous
n010_077.bnet,random_mc,14,2,0,0,254,256,2,asynchronous
n010_077.bnet,random_mc,15,2,0,0,254,256,2,asynchronous
n010_077.bnet,random_mc,16,2,0,0,254,256,2,asynchronous
n010_077.bnet,random_mc,17,2,0,0,254,256,2,asynchronous
n010_077.bnet,random_mc,18,2,0,0,254,256,2,asynchronous
n010_077.bnet,random_mc,19,2,0,0,254,256,2,asynchronous
n010_077.bnet,random_mc,20,2,0,0,254,256,2,asynchronous
n010_077.bnet,random_mc,21,2,0,0,254,256,2,asynchronous
n010_077.bnet,random_mc,22,2,0,0,254,256,2,asynchronous
n010_077.bnet,random_mc,23,2,0,0,254,256,2,asynchronous
n010_077.bnet,random_mc,24,2,0,0,254,256,2,asynchronous
n010_077.bnet,random_mc,25,2,0,0,254,256,2,asynchronous
n010_077.bnet,random_mc,26,2,0,0,254,256,2,asynchronous
n010_077.bnet,random_mc,27,2,0,0,254,256,2,asynchronous
n010_077.bnet,random_mc,28,2,0,0,254,256,2,asynchronous
n010_077.bnet,random_mc,29,2,0,0,254,256,2,asynchronous
n010_080.bnet,sd_mc,,300,0,207,5,512,3,asynchronous
n010_080.bnet,null_mc,,10,0,207,295,512,3,asynchronous
n010_080.bnet,ref,,0,0,207,305,512,3,asynchronous
n010_080.bnet,random_mc,0,10,0,207,295,512,3,asynchronous
n010_080.bnet,random_mc,1,10,0,207,295,512,3,asynchronous
n010_080.bnet,random_mc,2,10,0,207,295,512,3,asynchronous
n010_080.bnet,random_mc,3,10,0,207,295,512,3,asynchronous
n010_080.bnet,random_mc,4,10,0,207,295,512,3,asynchronous
n010_080.bnet,random_mc,5,10,0,207,295,512,3,asynchronous
n010_080.bnet,random_mc,6,10,0,207,295,512,3,asynchronous
n010_080.bnet,random_mc,7,10,0,207,295,512,3,asynchronous
n010_080.bnet,random_mc,8,10,0,207,295,512,3,asynchronous
n010_080.bnet,random_mc,9,10,0,207,295,512,3,asynchronous
n010_080.bnet,random_mc,10,10,0,207,295,512,3,asynchronous
n010_080.bnet,random_mc,11,10,0,207,295,512,3,asynchronous
n010_080.bnet,random_mc,12,10,0,207,295,512,3,asynchronous
n010_080.bnet,random_mc,13,10,0,207,295,512,3,asynchronous
n010_080.bnet,random_mc,14,10,0,207,295,512,3,asynchronous
n010_080.bnet,random_mc,15,10,0,207,295,512,3,asynchronous
n010_080.bnet,random_mc,16,10,0,207,295,512,3,asynchronous
n010_080.bnet,random_mc,17,10,0,207,295,512,3,asynchronous
n010_080.bnet,random_mc,18,10,0,207,295,512,3,asynchronous
n010_080.bnet,random_mc,19,10,0,207,295,512,3,asynchronous
n010_080.bnet,random_mc,20,10,0,207,295,512,3,asynchronous
n010_080.bnet,random_mc,21,10,0,207,295,512,3,asynchronous
n010_080.bnet,random_mc,22,10,0,207,295,512,3,asynchronous
n010_080.bnet,random_mc,23,10,0,207,295,512,3,asynchronous
n010_080.bnet,random_mc,24,10,0,207,295,512,3,asynchronous
n010_080.bnet,random_mc,25,10,0,207,295,512,3,asynchronous
n010_080.bnet,random_mc,26,10,0,207,295,512,3,asynchronous
n010_080.bnet,random_mc,27,10,0,207,295,512,3,asynchronous
n010_080.bnet,random_mc,28,10,0,207,295,512,3,asynchronous
n010_080.bnet,random_mc,29,10,0,207,295,512,3,asynchronous
n010_083.bnet,sd_mc,,10,0,54,0,64,3,asynchronous
n010_083.bnet,null_mc,,3,0,54,7,64,3,asynchronous
n010_083.bnet,ref,,0,0,54,10,64,3,asynchronous
n010_083.bnet,random_mc,0,3,0,54,7,64,3,asynchronous
n010_083.bnet,random_mc,1,3,0,54,7,64,3,asynchronous
n010_083.bnet,random_mc,2,3,0,54,7,64,3,asynchronous
n010_083.bnet,random_mc,3,3,0,54,7,64,3,asynchronous
n010_083.bnet,random_mc,4,3,0,54,7,64,3,asynchronous
n010_083.bnet,random_mc,5,3,0,54,7,64,3,asynchronous
n010_083.bnet,random_mc,6,3,0,54,7,64,3,asynchronous
n010_083.bnet,random_mc,7,3,0,54,7,64,3,asynchronous
n010_083.bnet,random_mc,8,3,0,54,7,64,3,asynchronous
n010_083.bnet,random_mc,9,3,0,54,7,64,3,asynchronous
n010_083.bnet,random_mc,10,3,0,54,7,64,3,asynchronous
n010_083.bnet,random_mc,11,3,0,54,7,64,3,asynchronous
n010_083.bnet,random_mc,12,3,0,54,7,64,3,asynchronous
n010_083.bnet,random_mc,13,3,0,54,7,64,3,asynchronous
n010_083.bnet,random_mc,14,3,0,54,7,64,3,asynchronous
n010_083.bnet,random_mc,15,3,0,54,7,64,3,asynchronous
n010_083.bnet,random_mc,16,3,0,54,7,64,3,asynchronous
n010_083.bnet,random_mc,17,3,0,54,7,64,3,asynchronous
n010_083.bnet,random_mc,18,3,0,54,7,64,3,asynchronous
n010_083.bnet,random_mc,19,3,0,54,7,64,3,asynchronous
n010_083.bnet,random_mc,20,3,0,54,7,64,3,asynchronous
n010_083.bnet,random_mc,21,3,0,54,7,64,3,asynchronous
n010_083.bnet,random_mc,22,3,0,54,7,64,3,asynchronous
n010_083.bnet,random_mc,23,3,0,54,7,64,3,asynchronous
n010_083.bnet,random_mc,24,3,0,54,7,64,3,asynchronous
n010_083.bnet,random_mc,25,3,0,54,7,64,3,asynchronous
n010_083.bnet,random_mc,26,3,0,54,7,64,3,asynchronous
n010_083.bnet,random_mc,27,3,0,54,7,64,3,asynchronous
n010_083.bnet,random_mc,28,3,0,54,7,64,3,asynchronous
n010_083.bnet,random_mc,29,3,0,54,7,64,3,asynchronous
n010_085.bnet,sd_mc,,42,0,54,32,128,4,asynchronous
n010_085.bnet,null_mc,,4,0,54,70,128,4,asynchronous
n010_085.bnet,ref,,0,0,54,74,128,4,asynchronous
n010_085.bnet,random_mc,0,4,0,54,70,128,4,asynchronous
n010_085.bnet,random_mc,1,4,0,54,70,128,4,asynchronous
n010_085.bnet,random_mc,2,4,0,54,70,128,4,asynchronous
n010_085.bnet,random_mc,3,4,0,54,70,128,4,asynchronous
n010_085.bnet,random_mc,4,4,0,54,70,128,4,asynchronous
n010_085.bnet,random_mc,5,4,0,54,70,128,4,asynchronous
n010_085.bnet,random_mc,6,4,0,54,70,128,4,asynchronous
n010_085.bnet,random_mc,7,4,0,54,70,128,4,asynchronous
n010_085.bnet,random_mc,8,4,0,54,70,128,4,asynchronous
n010_085.bnet,random_mc,9,4,0,54,70,128,4,asynchronous
n010_085.bnet,random_mc,10,4,0,54,70,128,4,asynchronous
n010_085.bnet,random_mc,11,4,0,54,70,128,4,asynchronous
n010_085.bnet,random_mc,12,4,0,54,70,128,4,asynchronous
n010_085.bnet,random_mc,13,4,0,54,70,128,4,asynchronous
n010_085.bnet,random_mc,14,4,0,54,70,128,4,asynchronous
n010_085.bnet,random_mc,15,4,0,54,70,128,4,asynchronous
n010_085.bnet,random_mc,16,4,0,54,70,128,4,asynchronous
n010_085.bnet,random_mc,17,4,0,54,70,128,4,asynchronous
n010_085.bnet,random_mc,18,4,0,54,70,128,4,asynchronous
n010_085.bnet,random_mc,19,4,0,54,70,128,4,asynchronous
n010_085.bnet,random_mc,20,4,0,54,70,128,4,asynchronous
n010_085.bnet,random_mc,21,4,0,54,70,128,4,asynchronous
n010_085.bnet,random_mc,22,4,0,54,70,128,4,asynchronous
n010_085.bnet,random_mc,23,4,0,54,70,128,4,asynchronous
n010_085.bnet,random_mc,24,4,0,54,70,128,4,asynchronous
n010_085.bnet,random_mc,25,4,0,54,70,128,4,asynchronous
n010_085.bnet,random_mc,26,4,0,54,70,128,4,asynchronous
n010_085.bnet,random_mc,27,4,0,54,70,128,4,asynchronous
n010_085.bnet,random_mc,28,4,0,54,70,128,4,asynchronous
n010_085.bnet,random_mc,29,4,0,54,70,128,4,asynchronous
n010_091.bnet,sd_mc,,208,0,816,0,1024,2,asynchronous
n010_091.bnet,null_mc,,2,0,816,206,1024,2,asynchronous
n010_091.bnet,ref,,0,0,816,208,1024,2,asynchronous
n010_091.bnet,random_mc,0,2,0,816,206,1024,2,asynchronous
n010_091.bnet,random_mc,1,2,0,816,206,1024,2,asynchronous
n010_091.bnet,random_mc,2,2,0,816,206,1024,2,asynchronous
n010_091.bnet,random_mc,3,2,0,816,206,1024,2,asynchronous
n010_091.bnet,random_mc,4,2,0,816,206,1024,2,asynchronous
n010_091.bnet,random_mc,5,2,0,816,206,1024,2,asynchronous
n010_091.bnet,random_mc,6,2,0,816,206,1024,2,asynchronous
n010_091.bnet,random_mc,7,2,0,816,206,1024,2,asynchronous
n010_091.bnet,random_mc,8,2,0,816,206,1024,2,asynchronous
n010_091.bnet,random_mc,9,2,0,816,206,1024,2,asynchronous
n010_091.bnet,random_mc,10,2,0,816,206,1024,2,asynchronous
n010_091.bnet,random_mc,11,2,0,816,206,1024,2,asynchronous
n010_091.bnet,random_mc,12,2,0,816,206,1024,2,asynchronous
n010_091.bnet,random_mc,13,2,0,816,206,1024,2,asynchronous
n010_091.bnet,random_mc,14,2,0,816,206,1024,2,asynchronous
n010_091.bnet,random_mc,15,2,0,816,206,1024,2,asynchronous
n010_091.bnet,random_mc,16,2,0,816,206,1024,2,asynchronous
n010_091.bnet,random_mc,17,2,0,816,206,1024,2,asynchronous
n010_091.bnet,random_mc,18,2,0,816,206,1024,2,asynchronous
n010_091.bnet,random_mc,19,2,0,816,206,1024,2,asynchronous
n010_091.bnet,random_mc,20,2,0,816,206,1024,2,asynchronous
n010_091.bnet,random_mc,21,2,0,816,206,1024,2,asynchronous
n010_091.bnet,random_mc,22,2,0,816,206,1024,2,asynchronous
n010_091.bnet,random_mc,23,2,0,816,206,1024,2,asynchronous
n010_091.bnet,random_mc,24,2,0,816,206,1024,2,asynchronous
n010_091.bnet,random_mc,25,2,0,816,206,1024,2,asynchronous
n010_091.bnet,random_mc,26,2,0,816,206,1024,2,asynchronous
n010_091.bnet,random_mc,27,2,0,816,206,1024,2,asynchronous
n010_091.bnet,random_mc,28,2,0,816,206,1024,2,asynchronous
n010_091.bnet,random_mc,29,2,0,816,206,1024,2,asynchronous
n010_094.bnet,sd_mc,,132,0,824,68,1024,2,asynchronous
n010_094.bnet,null_mc,,3,0,824,197,1024,2,asynchronous
n010_094.bnet,ref,,0,0,824,200,1024,2,asynchronous
n010_094.bnet,random_mc,0,3,0,824,197,1024,2,asynchronous
n010_094.bnet,random_mc,1,3,0,824,197,1024,2,asynchronous
n010_094.bnet,random_mc,2,3,0,824,197,1024,2,asynchronous
n010_094.bnet,random_mc,3,3,0,824,197,1024,2,asynchronous
n010_094.bnet,random_mc,4,3,0,824,197,1024,2,asynchronous
n010_094.bnet,random_mc,5,3,0,824,197,1024,2,asynchronous
n010_094.bnet,random_mc,6,3,0,824,197,1024,2,asynchronous
n010_094.bnet,random_mc,7,3,0,824,197,1024,2,asynchronous
n010_094.bnet,random_mc,8,3,0,824,197,1024,2,asynchronous
n010_094.bnet,random_mc,9,3,0,824,197,1024,2,asynchronous
n010_094.bnet,random_mc,10,3,0,824,197,1024,2,asynchronous
n010_094.bnet,random_mc,11,3,0,824,197,1024,2,asynchronous
n010_094.bnet,random_mc,12,3,0,824,197,1024,2,asynchronous
n010_094.bnet,random_mc,13,3,0,824,197,1024,2,asynchronous
n010_094.bnet,random_mc,14,3,0,824,197,1024,2,asynchronous
n010_094.bnet,random_mc,15,3,0,824,197,1024,2,asynchronous
n010_094.bnet,random_mc,16,3,0,824,197,1024,2,asynchronous
n010_094.bnet,random_mc,17,3,0,824,197,1024,2,asynchronous
n010_094.bnet,random_mc,18,3,0,824,197,1024,2,asynchronous
n010_094.bnet,random_mc,19,3,0,824,197,1024,2,asynchronous
n010_094.bnet,random_mc,20,3,0,824,197,1024,2,asynchronous
n010_094.bnet,random_mc,21,3,0,824,197,1024,2,asynchronous
n010_094.bnet,random_mc,22,3,0,824,197,1024,2,asynchronous
n010_094.bnet,random_mc,23,3,0,824,197,1024,2,asynchronous
n010_094.bnet,random_mc,24,3,0,824,197,1024,2,asynchronous
n010_094.bnet,random_mc,25,3,0,824,197,1024,2,asynchronous
n010_094.bnet,random_mc,26,3,0,824,197,1024,2,asynchronous
n010_094.bnet,random_mc,27,3,0,824,197,1024,2,asynchronous
n010_094.bnet,random_mc,28,3,0,824,197,1024,2,asynchronous
n010_094.bnet,random_mc,29,3,0,824,197,1024,2,asynchronous
n010_097.bnet,sd_mc,,8,0,0,0,8,2,asynchronous
n010_097.bnet,null_mc,,8,0,0,0,8,2,asynchronous
n010_097.bnet,ref,,0,0,0,8,8,2,asynchronous
n010_097.bnet,random_mc,0,8,0,0,0,8,2,asynchronous
n010_097.bnet,random_mc,1,8,0,0,0,8,2,asynchronous
n010_097.bnet,random_mc,2,8,0,0,0,8,2,asynchronous
n010_097.bnet,random_mc,3,8,0,0,0,8,2,asynchronous
n010_097.bnet,random_mc,4,8,0,0,0,8,2,asynchronous
n010_097.bnet,random_mc,5,8,0,0,0,8,2,asynchronous
n010_097.bnet,random_mc,6,8,0,0,0,8,2,asynchronous
n010_097.bnet,random_mc,7,8,0,0,0,8,2,asynchronous
n010_097.bnet,random_mc,8,8,0,0,0,8,2,asynchronous
n010_097.bnet,random_mc,9,8,0,0,0,8,2,asynchronous
n010_097.bnet,random_mc,10,8,0,0,0,8,2,asynchronous
n010_097.bnet,random_mc,11,8,0,0,0,8,2,asynchronous
n010_097.bnet,random_mc,12,8,0,0,0,8,2,asynchronous
n010_097.bnet,random_mc,13,8,0,0,0,8,2,asynchronous
n010_097.bnet,random_mc,14,8,0,0,0,8,2,asynchronous
n010_097.bnet,random_mc,15,8,0,0,0,8,2,asynchronous
n010_097.bnet,random_mc,16,8,0,0,0,8,2,asynchronous
n010_097.bnet,random_mc,17,8,0,0,0,8,2,asynchronous
n010_097.bnet,random_mc,18,8,0,0,0,8,2,asynchronous
n010_097.bnet,random_mc,19,8,0,0,0,8,2,asynchronous
n010_097.bnet,random_mc,20,8,0,0,0,8,2,asynchronous
n010_097.bnet,random_mc,21,8,0,0,0,8,2,asynchronous
n010_097.bnet,random_mc,22,8,0,0,0,8,2,asynchronous
n010_097.bnet,random_mc,23,8,0,0,0,8,2,asynchronous
n010_097.bnet,random_mc,24,8,0,0,0,8,2,asynchronous
n010_097.bnet,random_mc,25,8,0,0,0,8,2,asynchronous
n010_097.bnet,random_mc,26,8,0,0,0,8,2,asynchronous
n010_097.bnet,random_mc,27,8,0,0,0,8,2,asynchronous
n010_097.bnet,random_mc,28,8,0,0,0,8,2,asynchronous
n010_097.bnet,random_mc,29,8,0,0,0,8,2,asynchronous
n010_098.bnet,sd_mc,,12,0,20,0,32,2,asynchronous
n010_098.bnet,null_mc,,3,0,20,9,32,2,asynchronous
n010_098.bnet,ref,,0,0,20,12,32,2,asynchronous
n010_098.bnet,random_mc,0,3,0,20,9,32,2,asynchronous
n010_098.bnet,random_mc,1,3,0,20,9,32,2,asynchronous
n010_098.bnet,random_mc,2,3,0,20,9,32,2,asynchronous
n010_098.bnet,random_mc,3,3,0,20,9,32,2,asynchronous
n010_098.bnet,random_mc,4,3,0,20,9,32,2,asynchronous
n010_098.bnet,random_mc,5,3,0,20,9,32,2,asynchronous
n010_098.bnet,random_mc,6,3,0,20,9,32,2,asynchronous
n010_098.bnet,random_mc,7,3,0,20,9,32,2,asynchronous
n010_098.bnet,random_mc,8,3,0,20,9,32,2,asynchronous
n010_098.bnet,random_mc,9,3,0,20,9,32,2,asynchronous
n010_098.bnet,random_mc,10,3,0,20,9,32,2,asynchronous
n010_098.bnet,random_mc,11,3,0,20,9,32,2,asynchronous
n010_098.bnet,random_mc,12,3,0,20,9,32,2,asynchronous
n010_098.bnet,random_mc,13,3,0,20,9,32,2,asynchronous
n010_098.bnet,random_mc,14,3,0,20,9,32,2,asynchronous
n010_098.bnet,random_mc,15,3,0,20,9,32,2,asynchronous
n010_098.bnet,random_mc,16,3,0,20,9,32,2,asynchronous
n010_098.bnet,random_mc,17,3,0,20,9,32,2,asynchronous
n010_098.bnet,random_mc,18,3,0,20,9,32,2,asynchronous
n010_098.bnet,random_mc,19,3,0,20,9,32,2,asynchronous
n010_098.bnet,random_mc,20,3,0,20,9,32,2,asynchronous
n010_098.bnet,random_mc,21,3,0,20,9,32,2,asynchronous
n010_098.bnet,random_mc,22,3,0,20,9,32,2,asynchronous
n010_098.bnet,random_mc,23,3,0,20,9,32,2,asynchronous
n010_098.bnet,random_mc,24,3,0,20,9,32,2,asynchronous
n010_098.bnet,random_mc,25,3,0,20,9,32,2,asynchronous
n010_098.bnet,random_mc,26,3,0,20,9,32,2,asynchronous
n010_098.bnet,random_mc,27,3,0,20,9,32,2,asynchronous
n010_098.bnet,random_mc,28,3,0,20,9,32,2,asynchronous
n010_098.bnet,random_mc,29,3,0,20,9,32,2,asynchronous
n010_099.bnet,sd_mc,,192,0,816,16,1024,2,asynchronous
n010_099.bnet,null_mc,,66,0,816,142,1024,2,asynchronous
n010_099.bnet,ref,,0,0,816,208,1024,2,asynchronous
n010_099.bnet,random_mc,0,66,0,816,142,1024,2,asynchronous
n010_099.bnet,random_mc,1,66,0,816,142,1024,2,asynchronous
n010_099.bnet,random_mc,2,66,0,816,142,1024,2,asynchronous
n010_099.bnet,random_mc,3,66,0,816,142,1024,2,asynchronous
n010_099.bnet,random_mc,4,66,0,816,142,1024,2,asynchronous
n010_099.bnet,random_mc,5,66,0,816,142,1024,2,asynchronous
n010_099.bnet,random_mc,6,66,0,816,142,1024,2,asynchronous
n010_099.bnet,random_mc,7,66,0,816,142,1024,2,asynchronous
n010_099.bnet,random_mc,8,66,0,816,142,1024,2,asynchronous
n010_099.bnet,random_mc,9,66,0,816,142,1024,2,asynchronous
n010_099.bnet,random_mc,10,66,0,816,142,1024,2,asynchronous
n010_099.bnet,random_mc,11,66,0,816,142,1024,2,asynchronous
n010_099.bnet,random_mc,12,66,0,816,142,1024,2,asynchronous
n010_099.bnet,random_mc,13,66,0,816,142,1024,2,asynchronous
n010_099.bnet,random_mc,14,66,0,816,142,1024,2,asynchronous
n010_099.bnet,random_mc,15,66,0,816,142,1024,2,asynchronous
n010_099.bnet,random_mc,16,66,0,816,142,1024,2,asynchronous
n010_099.bnet,random_mc,17,66,0,816,142,1024,2,asynchronous
n010_099.bnet,random_mc,18,66,0,816,142,1024,2,asynchronous
n010_099.bnet,random_mc,19,66,0,816,142,1024,2,asynchronous
n010_099.bnet,random_mc,20,66,0,816,142,1024,2,asynchronous
n010_099.bnet,random_mc,21,66,0,816,142,1024,2,asynchronous
n010_099.bnet,random_mc,22,66,0,816,142,1024,2,asynchronous
n010_099.bnet,random_mc,23,66,0,816,142,1024,2,asynchronous
n010_099.bnet,random_mc,24,66,0,816,142,1024,2,asynchronous
n010_099.bnet,random_mc,25,66,0,816,142,1024,2,asynchronous
n010_099.bnet,random_mc,26,66,0,816,142,1024,2,asynchronous
n010_099.bnet,random_mc,27,66,0,816,142,1024,2,asynchronous
n010_099.bnet,random_mc,28,66,0,816,142,1024,2,asynchronous
n010_099.bnet,random_mc,29,66,0,816,142,1024,2,asynchronous
